ano,codigo,area,cor,aplicacao,n_itens_validos,A,B,mae,rmse,erro_max,vies,correlacao,r2
2024,1343,CH,AZUL,reaplicacao,45,,,,,,,,
2024,1344,CH,AMARELA,reaplicacao,45,,,,,,,,
2024,1345,CH,BRANCA,reaplicacao,45,,,,,,,,
2024,1346,CH,VERDE,reaplicacao,45,,,,,,,,
2024,1347,CH,VERDE,reaplicacao,45,,,,,,,,
2024,1348,CH,VERDE,principal,45,,,,,,,,
2024,1349,CH,LARANJA,principal,45,,,,,,,,
2024,1350,CH,LARANJA,reaplicacao,45,,,,,,,,
2024,1352,CH,LEITOR TELA,principal,45,,,,,,,,
2024,1383,CH,AZUL,principal,45,501.4866056606893,112.31961593810456,0.026141906873614867,0.032961712654363054,0.37000000000000455,-0.0001108647450124981,0.9999999314376274,0.9999998628752595
2024,1384,CH,AMARELA,principal,45,501.4874132956505,112.31502372483253,0.027144373673036085,0.031908507740759116,0.1400000000000432,-5.307855626195415e-05,0.9999999421666862,0.9999998843333757
2024,1385,CH,BRANCA,principal,45,501.4866292045936,112.31992345005013,0.027078891257993832,0.03534478365110243,0.4800000000000182,4.2643923241808394e-05,0.9999999282386737,0.9999998564773525
2024,1386,CH,VERDE,principal,45,501.4870455870511,112.31473170677009,0.025891381345925734,0.0306347643037005,0.10000000000002274,0.00010625737898234039,0.9999999400229576,0.9999998800459187
2024,1387,CH,VERDE,principal,45,501.4860278785208,112.31665609481682,0.02578750000000106,0.03139068333120617,0.12999999999999545,-3.749999999975273e-05,0.9999999412425188,0.999999882485041
2024,1388,CH,VERDE,principal,45,501.48525729918725,112.31436605283217,0.02621621621621603,0.030935853423285576,0.12000000000000455,8.108108107993192e-05,0.9999999365628124,0.9999998731256288
2024,1389,CH,LARANJA,principal,45,,,,,,,,
2024,1390,CH,LARANJA,principal,45,501.48869839183806,112.31837483647561,0.025775000000001214,0.030983866769660327,0.12999999999999545,-2.5000000001611512e-05,0.9999999353392053,0.9999998706784148
2024,1391,CH,ROXA,principal,45,501.49043477477795,112.32139839936038,0.02638750000000094,0.03206438834595249,0.12000000000000455,-0.00016249999999963903,0.9999999155247914,0.9999998310495899
2024,1392,CH,ROXA,principal,45,,,,,,,,
2024,1393,CH,ROXA,principal,45,,,,,,,,
2024,1394,CH,LEITOR TELA,principal,45,,,,,,,,
2024,1431,CH,AZUL,principal,45,,,,,,,,
2024,1432,CH,AMARELA,principal,45,,,,,,,,
2024,1433,CH,BRANCA,principal,45,,,,,,,,
2024,1434,CH,VERDE,principal,45,,,,,,,,
2024,1435,CH,VERDE,principal,45,,,,,,,,
2024,1436,CH,VERDE,principal,45,,,,,,,,
2024,1437,CH,LARANJA,principal,45,,,,,,,,
2024,1438,CH,LARANJA,principal,45,,,,,,,,
2024,1440,CH,LEITOR TELA,principal,45,,,,,,,,
2024,1333,CN,AZUL,principal,45,,,,,,,,
2024,1334,CN,AMARELA,principal,45,,,,,,,,
2024,1335,CN,CINZA,principal,45,,,,,,,,
2024,1336,CN,VERDE,principal,45,,,,,,,,
2024,1337,CN,VERDE,principal,45,,,,,,,,
2024,1338,CN,VERDE,principal,45,,,,,,,,
2024,1339,CN,LARANJA,principal,45,,,,,,,,
2024,1340,CN,LARANJA,principal,45,,,,,,,,
2024,1342,CN,LEITOR TELA,principal,45,,,,,,,,
2024,1373,CN,AZUL,reaplicacao,45,501.1372490395712,113.11073291931878,0.022931034482759325,0.027636807041487896,0.060000000000002274,-0.0005172413793137947,0.9999999575421933,0.9999999150843883
2024,1374,CN,AMARELA,reaplicacao,45,501.1427842554136,113.11036131447169,0.026779661016945993,0.029801603869926113,0.05000000000001137,-3.853791109207323e-15,0.9999999486326597,0.9999998972653221
2024,1375,CN,CINZA,reaplicacao,45,501.14819023524825,113.10143753091238,0.023593749999995417,0.027698149757696074,0.05000000000006821,0.00015625000000607514,0.9999999337292723,0.9999998674585491
2024,1376,CN,VERDE,reaplicacao,45,501.1501530717213,113.09981707268366,0.025471698113211195,0.028976242708635486,0.05000000000006821,-0.00018867924528391978,0.9999999487600028,0.9999998975200082
2024,1377,CN,VERDE,reaplicacao,45,,,,,,,,
2024,1378,CN,VERDE,principal,45,,,,,,,,
2024,1379,CN,LARANJA,principal,45,,,,,,,,
2024,1380,CN,LARANJA,reaplicacao,45,,,,,,,,
2024,1382,CN,LEITOR TELA,principal,45,,,,,,,,
2024,1419,CN,AZUL,principal,44,501.1401308745983,113.1071848414867,0.025135135135134486,0.029709554989222654,0.060000000000002274,-0.00020270270270322249,0.9999999332060259,0.9999998664120562
2024,1420,CN,AMARELA,principal,44,501.1422076871287,113.10879755673145,0.02530706836616392,0.02952697766783709,0.11000000000001364,-4.6349942062793734e-05,0.9999999297872865,0.9999998595745778
2024,1421,CN,VERDE,principal,44,501.14171051382255,113.10788766392669,0.024472049689441687,0.028598744705980533,0.06999999999999318,4.96894409952265e-05,0.9999999323073954,0.9999998646147953
2024,1422,CN,CINZA,principal,44,501.14139954038,113.10922484199051,0.02510022271715032,0.029422806783516414,0.060000000000002274,4.4543429843930886e-05,0.999999936188819,0.9999998723776421
2024,1423,CN,VERDE,principal,44,501.1437659841003,113.11041050126558,0.026037499999999554,0.030139260110361207,0.06999999999999318,-0.0001124999999994003,0.9999999209558444,0.9999998419116951
2024,1424,CN,VERDE,principal,44,501.1418127450257,113.1085494004459,0.025114285714285693,0.029461839725311943,0.060000000000002274,-2.8571428572620658e-05,0.9999999137070188,0.999999827414045
2024,1425,CN,LARANJA,principal,44,,,,,,,,
2024,1426,CN,LARANJA,principal,44,501.14344171517814,113.11188585886235,0.025293383270912767,0.029604129684591095,0.06999999999999318,-2.4968789013426262e-05,0.9999998971480906,0.9999997942961917
2024,1427,CN,ROXA,principal,44,501.14217087479136,113.1112935496197,0.024744069912610578,0.029226396838471395,0.060000000000002274,-0.00022471910112580395,0.9999998732508518,0.9999997465017197
2024,1428,CN,ROXA,principal,44,,,,,,,,
2024,1429,CN,ROXA,principal,44,,,,,,,,
2024,1430,CN,LEITOR TELA,principal,44,,,,,,,,
2024,1319,LC,LARANJA,principal,49,,,,,,,,
2024,1320,LC,LARANJA,principal,49,,,,,,,,
2024,1322,LC,LEITOR TELA,principal,49,,,,,,,,
2024,1353,LC,AZUL,reaplicacao,49,,,,,,,,
2024,1354,LC,AMARELA,reaplicacao,49,,,,,,,,
2024,1355,LC,VERDE,reaplicacao,49,,,,,,,,
2024,1356,LC,BRANCA,reaplicacao,49,,,,,,,,
2024,1357,LC,VERDE,reaplicacao,49,,,,,,,,
2024,1358,LC,VERDE,principal,49,,,,,,,,
2024,1359,LC,LARANJA,principal,49,,,,,,,,
2024,1360,LC,LARANJA,reaplicacao,49,,,,,,,,
2024,1362,LC,LEITOR TELA,principal,49,,,,,,,,
2024,1395,LC,AZUL,principal,50,499.97751854226874,108.08957871075077,0.02509925558312467,0.029188784004517878,0.09000000000003183,6.203473945312105e-05,0.9999998930243332,0.9999997860486779
2024,1396,LC,AMARELA,principal,50,499.97740982957345,108.08821669124417,0.024770642201835606,0.028874133689694288,0.06000000000005912,-0.00018348623853292102,0.9999999003064688,0.9999998006129476
2024,1397,LC,VERDE,principal,50,499.9776830202996,108.09094240123545,0.025006150061499758,0.029248479528610285,0.08000000000004093,6.150061500728273e-05,0.9999998983426718,0.9999997966853539
2024,1398,LC,BRANCA,principal,50,499.97717956323373,108.08793589947165,0.02557260920897301,0.030135467460378443,0.10999999999989996,2.0133442335587255e-16,0.9999999004710516,0.999999800942113
2024,1399,LC,VERDE,principal,50,499.97598398119845,108.09096414082394,0.02532499999999679,0.029924906014886742,0.07999999999998408,5.0000000000451905e-05,0.9999999063329004,0.9999998126658095
2024,1400,LC,VERDE,principal,50,499.9794326745393,108.0937065255622,0.025016077170417005,0.02950829628831812,0.06000000000005912,6.430868167105335e-05,0.9999999094117831,0.9999998188235744
2024,1401,LC,LARANJA,principal,50,,,,,,,,
2024,1402,LC,LARANJA,principal,50,499.97862492918046,108.09063326274801,0.02543520309477785,0.02989019233258471,0.08000000000004093,-0.0001353965183750087,0.9999999181396055,0.9999998362792177
2024,1403,LC,ROXA,principal,50,499.98333766852573,108.09963006394658,0.025674846625767758,0.030436497303371886,0.08999999999997499,-0.00012269938650260717,0.9999998943219149,0.9999997886438411
2024,1404,LC,ROXA,principal,50,,,,,,,,
2024,1405,LC,ROXA,principal,50,,,,,,,,
2024,1406,LC,LEITOR TELA,principal,50,,,,,,,,
2024,1441,LC,AZUL,principal,49,,,,,,,,
2024,1442,LC,AMARELA,principal,49,,,,,,,,
2024,1443,LC,VERDE,principal,49,,,,,,,,
2024,1444,LC,BRANCA,principal,49,,,,,,,,
2024,1445,LC,VERDE,principal,49,,,,,,,,
2024,1446,LC,VERDE,principal,49,,,,,,,,
2024,1323,MT,AZUL,principal,45,,,,,,,,
2024,1324,MT,AMARELA,principal,45,,,,,,,,
2024,1325,MT,VERDE,principal,45,,,,,,,,
2024,1326,MT,CINZA,principal,45,,,,,,,,
2024,1327,MT,VERDE,principal,45,,,,,,,,
2024,1328,MT,VERDE,principal,45,,,,,,,,
2024,1329,MT,LARANJA,principal,45,,,,,,,,
2024,1330,MT,LARANJA,principal,45,,,,,,,,
2024,1332,MT,LEITOR TELA,principal,45,,,,,,,,
2024,1363,MT,AZUL,reaplicacao,45,500.0135767075385,129.64923784180775,0.02327586206896395,0.0271331328185987,0.05000000000006821,-0.0005172413793118345,0.9999999756937783,0.9999999513875572
2024,1364,MT,AMARELA,reaplicacao,45,500.0209417136277,129.64643817669406,0.02355932203389133,0.027215399429391274,0.060000000000002274,0.0001694915254245381,0.9999999778090064,0.9999999556180132
2024,1365,MT,VERDE,reaplicacao,45,500.015307629755,129.6581686256875,0.02584905660376831,0.031533151168909326,0.10000000000002274,0.00018867924528177474,0.999999973498686,0.9999999469973726
2024,1366,MT,CINZA,reaplicacao,45,500.0140702461951,129.65228209895855,0.028437499999992788,0.03201562118715953,0.060000000000002274,-0.0003124999999988276,0.999999959016273,0.9999999180325477
2024,1367,MT,VERDE,reaplicacao,45,,,,,,,,
2024,1368,MT,VERDE,principal,45,,,,,,,,
2024,1369,MT,LARANJA,principal,45,,,,,,,,
2024,1370,MT,LARANJA,reaplicacao,45,,,,,,,,
2024,1372,MT,LEITOR TELA,principal,45,,,,,,,,
2024,1407,MT,AZUL,principal,45,500.01594716913525,129.65533174013737,0.02644144144144127,0.05093937396376042,1.240000000000009,0.00015765765765732222,0.9999999052493472,0.9999998104987035
2024,1408,MT,AMARELA,principal,45,500.01530085089735,129.65202517271769,0.02482039397450887,0.02935774467927682,0.11000000000001364,-8.562739805220211e-16,0.9999999637967174,0.9999999275934361
2024,1409,MT,VERDE,principal,45,500.015241450925,129.66072791103417,0.02877018633540383,0.08083569717574192,2.1200000000000045,0.00014906832298094844,0.9999997592751899,0.9999995185504378
2024,1410,MT,CINZA,principal,45,500.01582451947473,129.65080064407695,0.02515050167224144,0.029275914208292994,0.05000000000006821,0.00013377926421335483,0.9999999689304689,0.9999999378609389
2024,1411,MT,VERDE,principal,45,500.0201256370982,129.67086288504862,0.029787500000000407,0.07637326102766717,1.740000000000009,1.249999999778595e-05,0.9999997165557267,0.9999994331115338
2024,1412,MT,VERDE,principal,45,500.0139341654995,129.6515428687582,0.025808297567954414,0.029916431052586543,0.05000000000006821,0.00011444921316163674,0.9999999458728984,0.9999998917457997
2024,1413,MT,LARANJA,principal,45,,,,,,,,
2024,1414,MT,LARANJA,principal,45,500.0173235133422,129.65464974116102,0.025249999999999276,0.03029438891940192,0.2400000000000091,-0.00020000000000003126,0.9999999184140504,0.9999998368281076
2024,1415,MT,ROXA,principal,45,500.0145882067674,129.65222606812011,0.02444444444444478,0.028687476115765973,0.06000000000005912,4.9937578029407284e-05,0.9999999199639705,0.9999998399279475
2024,1416,MT,ROXA,principal,45,,,,,,,,
2024,1417,MT,ROXA,principal,45,,,,,,,,
2024,1418,MT,LEITOR TELA,principal,45,,,,,,,,
2023,1191,CH,AZUL,principal,45,501.48661762083253,112.3137649965275,0.025641025641024245,0.0299179790441368,0.08999999999997499,-2.1367521366105142e-05,0.9999999343368493,0.9999998686737029
2023,1192,CH,AMARELA,principal,45,501.4877589268017,112.32151956359802,0.026520408163265955,0.04456936808424156,1.0399999999999636,-7.142857142821645e-05,0.9999998265706129,0.9999996531412559
2023,1193,CH,BRANCA,principal,45,501.48804960431283,112.31333187592642,0.025268935236003622,0.0295000418612139,0.06999999999999318,-0.00015367727771653018,0.9999999298323541,0.999999859664713
2023,1194,CH,ROSA,principal,45,501.4872712039673,112.3113454698709,0.025501653803749306,0.029970584623397824,0.09000000000003183,-0.00014332965821482703,0.999999924033529,0.9999998480670638
2023,1195,CH,ROSA,principal,45,501.4875337364885,112.31418654702475,0.02571250000000006,0.030312951027572588,0.10000000000002274,-3.750000000152909e-05,0.9999999325460726,0.9999998650921497
2023,1196,CH,ROSA,principal,45,501.4873279280258,112.31811299291537,0.026177777777776707,0.030971910810591245,0.07999999999998408,0.00013333333333236994,0.9999999399454141,0.9999998798908318
2023,1197,CH,LARANJA,principal,45,501.48361755587405,112.31304680161804,0.02685483870967454,0.030546104761963927,0.060000000000002274,0.0002419354838730398,0.9999999238139645,0.9999998476279348
2023,1198,CH,LARANJA,principal,45,501.489221736443,112.31822017628683,0.02503566333808676,0.02955446626928148,0.09000000000003183,9.985734664479837e-05,0.9999999303147397,0.9999998606294842
2023,1199,CH,VERDE,principal,45,501.4910061138037,112.32340849903493,0.026212499999998612,0.03105036231672516,0.0999999999999659,8.749999999935199e-05,0.9999999252295111,0.9999998504590277
2023,1200,CH,LEITOR TELA,principal,45,,,,,,,,
2023,1231,CH,AZUL,principal,45,,,,,,,,
2023,1232,CH,AMARELA,principal,45,,,,,,,,
2023,1233,CH,BRANCA,principal,45,,,,,,,,
2023,1234,CH,ROSA,principal,45,,,,,,,,
2023,1235,CH,AMARELA,principal,45,,,,,,,,
2023,1236,CH,AMARELA,principal,45,,,,,,,,
2023,1237,CH,LARANJA,principal,45,,,,,,,,
2023,1238,CH,LARANJA,principal,45,,,,,,,,
2023,1240,CH,LEITOR TELA,principal,45,,,,,,,,
2023,1271,CH,AZUL,reaplicacao,45,501.4850962390664,112.31814282126258,0.025124999999999387,0.029987497394748878,0.14000000000010004,-2.4999999998485123e-05,0.9999999454919457,0.9999998909838944
2023,1272,CH,AMARELA,reaplicacao,45,501.4883104015661,112.31457175945455,0.024662499999999313,0.029293770668864093,0.07999999999998408,0.00011249999999819237,0.9999999454528181,0.9999998909056392
2023,1273,CH,BRANCA,reaplicacao,45,501.485303850051,112.3177083204363,0.02622500000000102,0.030236567265483627,0.07999999999998408,-7.499999999751594e-05,0.9999999412460988,0.9999998824922011
2023,1274,CH,ROSA,reaplicacao,45,501.48581098155006,112.31543832593009,0.02553749999999752,0.03008114027093922,0.09000000000003183,-3.750000000138698e-05,0.9999999376705905,0.9999998753411848
2023,1275,CH,AMARELA,principal,45,,,,,,,,
2023,1276,CH,AMARELA,principal,45,,,,,,,,
2023,1277,CH,LARANJA,principal,45,,,,,,,,
2023,1278,CH,LARANJA,principal,45,,,,,,,,
2023,1280,CH,LEITOR TELA,principal,45,,,,,,,,
2023,1311,CH,VERDE,principal,45,,,,,,,,
2023,1312,CH,VERDE,principal,45,,,,,,,,
2023,1221,CN,AZUL,principal,45,501.1426876142188,113.10684337123078,0.024579008073820848,0.02877146157485935,0.06999999999999318,-0.00014994232987259598,0.9999999229969987,0.9999998459940033
2023,1222,CN,AMARELA,principal,45,501.1417227020996,113.11170606258865,0.02577181208053706,0.02993654736286385,0.07000000000005002,-8.948545861168593e-05,0.9999999173644557,0.9999998347289183
2023,1223,CN,ROSA,principal,45,501.14257119643037,113.10621622723153,0.024087256027554946,0.02870731994004556,0.08000000000004093,2.2962112513416764e-05,0.9999999219829422,0.9999998439658905
2023,1224,CN,CINZA,principal,45,501.14343857190244,113.10588626130148,0.024925690021230597,0.029359764197204694,0.07999999999998408,0.00010615711252885647,0.9999999180851848,0.9999998361703764
2023,1225,CN,ROSA,principal,45,501.1427230826415,113.10801874796604,0.024299999999997938,0.02885740806101364,0.060000000000002274,0.00022500000000135855,0.9999999236677151,0.9999998473354359
2023,1226,CN,ROSA,principal,45,501.14208602673153,113.10883026391079,0.0254645669291346,0.029931680738158495,0.06999999999999318,0.0003307086614178277,0.9999999176259785,0.9999998352519638
2023,1227,CN,LARANJA,principal,45,501.1414454015068,113.110796300051,0.026749999999995566,0.03088958832141279,0.05000000000001137,-8.33333333370471e-05,0.9999998624918116,0.9999997249836421
2023,1228,CN,LARANJA,principal,45,501.14483936113095,113.11302991896692,0.025565610859727805,0.029843735810368217,0.07999999999998408,1.5082956258984446e-05,0.9999999013856705,0.9999998027713508
2023,1229,CN,VERDE,principal,45,501.1449765192927,113.11880621519154,0.02583750000000002,0.030726617125872865,0.06000000000005912,-8.750000000027568e-05,0.9999999056911489,0.9999998113823068
2023,1230,CN,LEITOR TELA,principal,45,,,,,,,,
2023,1261,CN,AZUL,principal,45,,,,,,,,
2023,1262,CN,AMARELA,principal,45,,,,,,,,
2023,1263,CN,CINZA,principal,45,,,,,,,,
2023,1264,CN,ROSA,principal,45,,,,,,,,
2023,1265,CN,AMARELA,principal,45,,,,,,,,
2023,1266,CN,AMARELA,principal,45,,,,,,,,
2023,1267,CN,LARANJA,principal,45,,,,,,,,
2023,1268,CN,LARANJA,principal,45,,,,,,,,
2023,1270,CN,LEITOR TELA,principal,45,,,,,,,,
2023,1301,CN,AZUL,reaplicacao,45,501.14287707538006,113.10644743875253,0.02448750000000075,0.02898922213513338,0.06999999999999318,-0.00013750000000015917,0.999999923604584,0.9999998472091739
2023,1302,CN,AMARELA,reaplicacao,45,501.14303768481653,113.10746042739055,0.02485642946316986,0.029475227119273847,0.07999999999998408,8.739076154869509e-05,0.9999999313104275,0.9999998626208597
2023,1303,CN,CINZA,reaplicacao,45,501.1405537540858,113.10561299154314,0.025712500000001127,0.029826582103888954,0.060000000000002274,8.750000000027568e-05,0.9999999192294916,0.9999998384589898
2023,1304,CN,ROSA,reaplicacao,45,501.14297250348307,113.10656196196433,0.02542499999999862,0.029453352950044847,0.06999999999999318,9.999999999791953e-05,0.999999925717924,0.9999998514358535
2023,1305,CN,AMARELA,principal,45,,,,,,,,
2023,1306,CN,AMARELA,principal,45,,,,,,,,
2023,1307,CN,LARANJA,principal,45,,,,,,,,
2023,1308,CN,LARANJA,principal,45,,,,,,,,
2023,1310,CN,LEITOR TELA,principal,45,,,,,,,,
2023,1317,CN,VERDE,principal,45,,,,,,,,
2023,1318,CN,VERDE,principal,45,,,,,,,,
2023,1201,LC,AZUL,principal,50,499.97667608143763,108.09170475571182,0.02543529411764586,0.029625108587538515,0.07999999999998408,-1.8724890918854406e-15,0.999999902660369,0.9999998053207474
2023,1202,LC,AMARELA,principal,50,499.97783547903566,108.08726067424405,0.02540410132689865,0.029388623550786447,0.07999999999998408,-0.0001688781664666333,0.9999999032523548,0.9999998065047189
2023,1203,LC,ROSA,principal,50,499.97754389810825,108.09402369313565,0.0248749999999999,0.02943212530552351,0.1099999999999568,-0.0001750000000001961,0.9999998938787508,0.9999997877575127
2023,1204,LC,BRANCA,principal,50,499.9787927012055,108.08945330802533,0.02613445378151347,0.030464589878983782,0.08999999999997499,6.002400960385519e-05,0.9999999091147704,0.9999998182295491
2023,1205,LC,ROSA,principal,50,499.9761179937073,108.0917090136747,0.025200000000000243,0.029673220249916296,0.0999999999999659,0.00014999999999901092,0.9999999126173639,0.9999998252347354
2023,1206,LC,ROSA,principal,50,499.97476322343704,108.09194402385778,0.025227272727274975,0.029464925219351106,0.060000000000002274,-0.00015151515151436777,0.9999999287328029,0.9999998574656108
2023,1207,LC,LARANJA,principal,50,499.9766222019997,108.09044306776316,0.029024390243903075,0.03246010684802751,0.05000000000006821,-0.00024390243902486163,0.9999998844800321,0.9999997689600775
2023,1208,LC,LARANJA,principal,50,499.97896683945413,108.09533185597951,0.026127819548869786,0.03153348858365387,0.12000000000000455,-0.00011278195488925244,0.9999999144569983,0.999999828914004
2023,1209,LC,VERDE,principal,50,499.98490902668885,108.1064172884278,0.025996784565917794,0.03159480196573611,0.10000000000002274,-8.038585209032459e-05,0.9999999072021988,0.9999998144044062
2023,1210,LC,LEITOR TELA,principal,50,,,,,,,,
2023,1241,LC,AZUL,principal,50,,,,,,,,
2023,1242,LC,AMARELA,principal,50,,,,,,,,
2023,1243,LC,ROSA,principal,50,,,,,,,,
2023,1244,LC,BRANCA,principal,50,,,,,,,,
2023,1245,LC,AMARELA,principal,50,,,,,,,,
2023,1246,LC,AMARELA,principal,50,,,,,,,,
2023,1247,LC,LARANJA,principal,50,,,,,,,,
2023,1248,LC,LARANJA,principal,50,,,,,,,,
2023,1250,LC,LEITOR TELA,principal,50,,,,,,,,
2023,1281,LC,AZUL,reaplicacao,50,499.9787107590286,108.08876481793718,0.025098554533508795,0.029288541439586816,0.06999999999999318,-0.00013140604467636708,0.9999999255160881,0.9999998510321817
2023,1282,LC,AMARELA,reaplicacao,50,499.9725199089929,108.09429997116618,0.02598409542743684,0.030388472230978434,0.07999999999998408,-1.9880715707781485e-05,0.9999999193803377,0.999999838760682
2023,1283,LC,ROSA,reaplicacao,50,499.9737477539658,108.08995899851591,0.02528750000000123,0.02937898909084787,0.07999999999998408,0.0001875000000010374,0.9999999155735564,0.9999998311471199
2023,1284,LC,BRANCA,reaplicacao,50,499.97611704626496,108.09332386480594,0.02559845559845536,0.029883945406358123,0.07999999999998408,3.861003861197875e-05,0.9999999134823505,0.9999998269647085
2023,1285,LC,AMARELA,principal,50,,,,,,,,
2023,1286,LC,AMARELA,principal,50,,,,,,,,
2023,1287,LC,LARANJA,principal,50,,,,,,,,
2023,1288,LC,LARANJA,principal,50,,,,,,,,
2023,1290,LC,LEITOR TELA,principal,50,,,,,,,,
2023,1313,LC,VERDE,principal,50,,,,,,,,
2023,1314,LC,VERDE,principal,50,,,,,,,,
2023,1211,MT,AZUL,principal,43,500.01421093141437,129.65090565773457,0.025444059976930968,0.029650015414353786,0.060000000000002274,4.613610149964359e-05,0.9999999683115697,0.9999999366231404
2023,1212,MT,AMARELA,principal,43,500.01427073377397,129.66197386253617,0.029015659955257712,0.08027776165078433,2.2100000000000364,2.237136465258767e-05,0.9999997786374735,0.9999995572749959
2023,1213,MT,ROSA,principal,43,500.0161060684766,129.6632821937947,0.028978185993111114,0.0868534006427801,2.3900000000001,-0.00016073478759952992,0.9999996959811238,0.9999993919623401
2023,1214,MT,CINZA,principal,43,500.01675508875314,129.6519143022428,0.02564755838641463,0.029985842377694843,0.12999999999999545,-4.2462845013111514e-05,0.9999999665032591,0.9999999330065192
2023,1215,MT,ROSA,principal,43,500.01385980134285,129.65490116384922,0.02563046192259821,0.029937512950277804,0.07000000000005002,3.74531835217716e-05,0.9999999658118491,0.9999999316236995
2023,1216,MT,ROSA,principal,43,500.01408159719375,129.65420104936564,0.025543307086613322,0.030081254790379156,0.16999999999995907,-3.1496062991918307e-05,0.9999999638197189,0.9999999276394391
2023,1217,MT,LARANJA,principal,43,500.011886587645,129.65788649207275,0.025250000000001195,0.028795254238619606,0.060000000000002274,-0.00024999999999550935,0.9999999513725263,0.9999999027450549
2023,1218,MT,LARANJA,principal,43,500.01430666247904,129.65523818872745,0.025565610859730033,0.03003517294567141,0.07000000000005002,0.00010558069381752091,0.9999999383351742,0.9999998766703522
2023,1219,MT,VERDE,principal,43,500.01433416087605,129.65700503245475,0.024925000000000495,0.029120439557121843,0.060000000000002274,7.500000000021601e-05,0.9999999508405576,0.9999999016811176
2023,1220,MT,LEITOR TELA,principal,43,,,,,,,,
2023,1251,MT,AZUL,principal,45,,,,,,,,
2023,1252,MT,AMARELA,principal,45,,,,,,,,
2023,1253,MT,ROSA,principal,45,,,,,,,,
2023,1254,MT,CINZA,principal,45,,,,,,,,
2023,1255,MT,AMARELA,principal,45,,,,,,,,
2023,1256,MT,AMARELA,principal,45,,,,,,,,
2023,1257,MT,LARANJA,principal,45,,,,,,,,
2023,1258,MT,LARANJA,principal,45,,,,,,,,
2023,1260,MT,LEITOR TELA,principal,45,,,,,,,,
2023,1291,MT,AZUL,reaplicacao,45,500.01525109699986,129.65317530932393,0.025562499999997428,0.029569832600132528,0.060000000000002274,-0.0001375000000000881,0.9999999666205817,0.9999999332411644
2023,1292,MT,AMARELA,reaplicacao,45,500.01513524174425,129.6503987234441,0.025705368289636148,0.02958936610957437,0.060000000000002274,-1.2484394505151888e-05,0.9999999670254199,0.999999934050841
2023,1293,MT,ROSA,reaplicacao,45,500.01414588587284,129.6576916874551,0.02672499999999978,0.04171330722922771,0.7799999999999727,-2.500000000175362e-05,0.9999999315515069,0.9999998631030185
2023,1294,MT,CINZA,reaplicacao,45,500.01515115219706,129.65122804435808,0.024812499999999887,0.028855242158055343,0.05000000000006821,-3.749999999939746e-05,0.9999999689312592,0.9999999378625194
2023,1295,MT,AMARELA,principal,45,,,,,,,,
2023,1296,MT,AMARELA,principal,45,,,,,,,,
2023,1297,MT,LARANJA,principal,45,,,,,,,,
2023,1298,MT,LARANJA,principal,45,,,,,,,,
2023,1300,MT,LEITOR TELA,principal,45,,,,,,,,
2023,1315,MT,VERDE,principal,43,,,,,,,,
2023,1316,MT,VERDE,principal,43,,,,,,,,
2022,1055,CH,AZUL,principal,44,501.4885262545852,112.31340338466408,0.02494216614090404,0.02912318375034023,0.06999999999999318,-2.1030494216296102e-05,0.9999999123140652,0.999999824628138
2022,1056,CH,AMARELA,principal,44,501.48785765169663,112.31298851324928,0.024970760233917623,0.02925787743177658,0.06999999999999318,0.00012865497075918614,0.9999999217598112,0.9999998435196286
2022,1057,CH,BRANCA,principal,44,501.48527927991665,112.31466099528835,0.025559701492538105,0.030192170577471904,0.0999999999999659,-3.731343283592836e-05,0.9999999157829932,0.9999998315659935
2022,1058,CH,ROSA,principal,44,501.4885098772285,112.31518534650822,0.026089517078915943,0.030289144478882174,0.08999999999997499,-3.533568904751114e-05,0.999999909907115,0.999999819814238
2022,1059,CH,BRANCA,principal,44,,,,,,,,
2022,1060,CH,BRANCA,principal,44,,,,,,,,
2022,1061,CH,LARANJA,principal,44,,,,,,,,
2022,1062,CH,LARANJA,principal,44,501.48534498225314,112.32055610612808,0.024224137931033684,0.028802737737050468,0.06000000000005912,-2.8735632183228538e-05,0.9999999314040363,0.9999998628080773
2022,1063,CH,VERDE,principal,44,501.4895845047682,112.31926859997787,0.02484999999999985,0.029631064780057823,0.07999999999998408,0.00015000000000071624,0.999999914757277,0.9999998295145612
2022,1095,CH,AZUL,principal,45,,,,,,,,
2022,1096,CH,AMARELA,principal,45,,,,,,,,
2022,1097,CH,BRANCA,principal,45,,,,,,,,
2022,1098,CH,ROSA,principal,45,,,,,,,,
2022,1099,CH,BRANCA,principal,45,,,,,,,,
2022,1100,CH,BRANCA,principal,45,,,,,,,,
2022,1101,CH,LARANJA,principal,45,,,,,,,,
2022,1102,CH,LARANJA,principal,45,,,,,,,,
2022,1135,CH,AZUL,reaplicacao,45,501.4874613046104,112.31068960896759,0.026543209876544332,0.030691616259851694,0.07999999999998408,-0.0003703703703690978,0.9999999346062713,0.999999869212547
2022,1136,CH,AMARELA,reaplicacao,45,501.4868727954696,112.31234049201277,0.025819672131141298,0.029808129598543686,0.05000000000006821,-0.00032786885245825225,0.9999999336167137,0.9999998672334318
2022,1137,CH,BRANCA,reaplicacao,45,501.4831425592053,112.3207138896463,0.027805907172994956,0.04753413164123526,0.5600000000000591,0.00012658227848089752,0.9999998948295441,0.9999997896590993
2022,1138,CH,ROSA,reaplicacao,45,501.4886220965487,112.30935064648772,0.024647887323944996,0.029239178809688484,0.060000000000002274,4.694835680987087e-05,0.9999999446447637,0.9999998892895305
2022,1139,CH,BRANCA,principal,45,,,,,,,,
2022,1140,CH,BRANCA,principal,45,,,,,,,,
2022,1141,CH,LARANJA,principal,45,,,,,,,,
2022,1142,CH,LARANJA,principal,45,,,,,,,,
2022,1175,CH,AZUL,digital,44,501.48751967502665,112.31189359608432,0.024607721046078404,0.028825061739898492,0.06999999999999318,-4.9813200498723797e-05,0.9999999238236558,0.9999998476473173
2022,1176,CH,AMARELA,digital,44,501.4867468222459,112.30931470717371,0.02525593008739341,0.029245612793470887,0.060000000000002274,-3.745318352006843e-05,0.9999999222930799,0.9999998445861658
2022,1177,CH,BRANCA,digital,44,501.4898261689836,112.3113799474769,0.025593008739075305,0.029822613310525662,0.10000000000002274,0.00017478152309895144,0.9999999185575827,0.9999998371151722
2022,1178,CH,ROSA,digital,44,501.48869522845376,112.30987414884449,0.025242839352427732,0.029408871002621555,0.07999999999998408,-0.0001618929016181447,0.99999991553749,0.9999998310749871
2022,1085,CN,AZUL,principal,41,501.14032334649426,113.11181016020488,0.024846153846155298,0.029041463348231412,0.060000000000002274,-5.494505494556716e-05,0.9999998856421769,0.9999997712843669
2022,1086,CN,AMARELA,principal,41,501.139309909618,113.10878627849121,0.025610034207526604,0.029849489413456703,0.07000000000005002,-1.2963151393570813e-16,0.9999998940846037,0.9999997881692185
2022,1087,CN,CINZA,principal,41,501.1385382057713,113.10595621146427,0.025473815461347565,0.029596201818727366,0.060000000000002274,0.0001620947630952405,0.9999998890043432,0.9999997780086988
2022,1088,CN,ROSA,principal,41,501.1448916078377,113.11315420427042,0.025542797494779695,0.029531837672681773,0.07000000000005002,-5.219206680609472e-05,0.9999998872334707,0.9999997744669541
2022,1089,CN,CINZA,principal,41,,,,,,,,
2022,1090,CN,CINZA,principal,41,,,,,,,,
2022,1091,CN,LARANJA,principal,41,,,,,,,,
2022,1092,CN,LARANJA,principal,41,501.1412889570638,113.10778481252197,0.02513274336283164,0.02907623993252161,0.05000000000006821,-5.030391049629028e-16,0.9999998598972705,0.9999997197945606
2022,1093,CN,VERDE,principal,42,501.14410760732534,113.1148498549084,0.025137499999999802,0.029557148035626868,0.060000000000002274,3.750000000003695e-05,0.9999998439310068,0.999999687862038
2022,1125,CN,AZUL,principal,45,,,,,,,,
2022,1126,CN,AMARELA,principal,45,,,,,,,,
2022,1127,CN,CINZA,principal,45,,,,,,,,
2022,1128,CN,ROSA,principal,45,,,,,,,,
2022,1129,CN,CINZA,principal,45,,,,,,,,
2022,1130,CN,CINZA,principal,45,,,,,,,,
2022,1131,CN,LARANJA,principal,45,,,,,,,,
2022,1132,CN,LARANJA,principal,45,,,,,,,,
2022,1165,CN,AZUL,reaplicacao,45,501.13909549681426,113.10756332109854,0.02432748538011522,0.028681214858682448,0.06999999999999318,-0.00011695906432782223,0.9999999488998593,0.9999998977997213
2022,1166,CN,AMARELA,reaplicacao,45,501.14028610813676,113.10842411584751,0.024953095684804198,0.029268761722322956,0.07999999999998408,-0.00011257035647098675,0.9999999398179401,0.9999998796358839
2022,1167,CN,CINZA,reaplicacao,45,501.1406644463677,113.1082254136997,0.024037037037036333,0.028362729848243937,0.060000000000002274,0.00014814814814727656,0.99999994271425,0.9999998854285033
2022,1168,CN,ROSA,reaplicacao,45,501.1399285188019,113.10721851820523,0.0253892215568856,0.029554239861860034,0.07999999999998408,0.00011976047904112649,0.9999999372813608,0.9999998745627255
2022,1169,CN,CINZA,principal,45,,,,,,,,
2022,1170,CN,CINZA,principal,45,,,,,,,,
2022,1171,CN,LARANJA,principal,45,,,,,,,,
2022,1172,CN,LARANJA,principal,45,,,,,,,,
2022,1187,CN,AZUL,digital,41,501.13994566465357,113.10791545974381,0.02518102372035022,0.029262683048996343,0.060000000000002274,1.2484394506713131e-05,0.9999999073880657,0.9999998147761399
2022,1188,CN,AMARELA,digital,41,501.14133064524367,113.10694118047303,0.025522388059702247,0.029875362984120284,0.060000000000002274,-4.975124378097858e-05,0.9999999156742183,0.9999998313484437
2022,1189,CN,ROSA,digital,41,501.14179911046324,113.10608771177462,0.024968944099380323,0.029420911986406787,0.060000000000002274,-7.453416149047422e-05,0.9999999060628226,0.999999812125654
2022,1190,CN,CINZA,digital,41,501.1388971733424,113.10992684424295,0.024520547945205265,0.028505750878125652,0.06000000000005912,-1.245330012239801e-05,0.9999999201194928,0.9999998402389919
2022,1065,LC,AZUL,principal,50,499.9779905711482,108.09149086452946,0.026457142857141337,0.03147969867345146,0.14999999999997726,-0.0002628571428557994,0.9999999030770701,0.9999998061541496
2022,1066,LC,AMARELA,principal,50,499.9776227705059,108.08966335000873,0.02545454545454449,0.029892737539002918,0.12000000000000455,-4.848484848742263e-05,0.9999999142101016,0.9999998284202105
2022,1067,LC,ROSA,principal,50,499.9773638315989,108.08898616707671,0.025163636363636215,0.029517329270662477,0.09000000000003183,2.424242424033516e-05,0.9999999142216534,0.999999828443314
2022,1068,LC,BRANCA,principal,50,499.9762399896496,108.08738406006147,0.02513011152416621,0.029644736614146995,0.160000000000025,-4.9566294919268815e-05,0.9999999096439721,0.9999998192879525
2022,1069,LC,BRANCA,principal,50,,,,,,,,
2022,1070,LC,BRANCA,principal,50,,,,,,,,
2022,1071,LC,LARANJA,principal,50,,,,,,,,
2022,1072,LC,LARANJA,principal,50,499.9783301946137,108.09391185124193,0.02434782608695316,0.029132381505360353,0.10000000000002274,2.9657435927378093e-15,0.99999993868767,0.9999998773753438
2022,1073,LC,VERDE,principal,50,499.9873169394381,108.10870243097317,0.030983263598327315,0.039692858457817684,0.16999999999995907,-2.0920502091912263e-05,0.9999998575780722,0.9999997151561647
2022,1105,LC,AZUL,principal,50,,,,,,,,
2022,1106,LC,AMARELA,principal,50,,,,,,,,
2022,1107,LC,ROSA,principal,50,,,,,,,,
2022,1108,LC,BRANCA,principal,50,,,,,,,,
2022,1109,LC,BRANCA,principal,50,,,,,,,,
2022,1110,LC,BRANCA,principal,50,,,,,,,,
2022,1111,LC,LARANJA,principal,50,,,,,,,,
2022,1112,LC,LARANJA,principal,50,,,,,,,,
2022,1145,LC,AZUL,reaplicacao,50,499.9833605751619,108.08264179140369,0.027888198757765797,0.03139608710834017,0.05000000000006821,0.0001863354037162997,0.9999998864610099,0.9999997729220327
2022,1146,LC,AMARELA,reaplicacao,50,499.9722339192989,108.08532038069033,0.024021739130435794,0.028609059069980285,0.06000000000005912,-0.00010869565217319632,0.9999999200655083,0.999999840131023
2022,1147,LC,ROSA,reaplicacao,50,499.9818992346729,108.08143238856954,0.02585714285714411,0.030095087401675134,0.05000000000006821,-0.00014285714286391534,0.9999998856788743,0.9999997713577617
2022,1148,LC,BRANCA,reaplicacao,50,499.98119662556746,108.07849440129306,0.025679012345681623,0.02985561965010349,0.060000000000002274,-0.0002469135802473908,0.99999988384698,0.9999997676939736
2022,1149,LC,BRANCA,principal,50,,,,,,,,
2022,1150,LC,BRANCA,principal,50,,,,,,,,
2022,1151,LC,LARANJA,principal,50,,,,,,,,
2022,1152,LC,LARANJA,principal,50,,,,,,,,
2022,1179,LC,AZUL,digital,50,499.9762476277371,108.09073077109745,0.024656679151064155,0.029164392634735335,0.11000000000001364,0.0001123595505618375,0.9999999224691951,0.9999998449383962
2022,1180,LC,AMARELA,digital,50,499.97878770846245,108.08612930498882,0.024881398252183714,0.029381897150282485,0.12000000000000455,-1.2484394507280857e-05,0.9999999048944421,0.9999998097888932
2022,1181,LC,BRANCA,digital,50,499.9764772185148,108.08790526276353,0.02484433374844396,0.02886607544042948,0.05000000000006821,-6.226650062430731e-05,0.9999999094938228,0.9999998189876538
2022,1182,LC,ROSA,digital,50,499.975730647211,108.08758275807837,0.02506250000000051,0.02925961380469737,0.07999999999998408,-8.750000000176783e-05,0.9999999109344049,0.9999998218688176
2022,1075,MT,AZUL,principal,43,500.0157038738251,129.65125801268056,0.02587912087912083,0.030173491021748475,0.12000000000000455,9.890109890125881e-05,0.999999950169614,0.9999999003392304
2022,1076,MT,AMARELA,principal,43,500.0169807009034,129.65182862660598,0.02472063854047982,0.029484356055297062,0.13999999999998636,-0.00011402508551721967,0.9999999572359138,0.9999999144718295
2022,1077,MT,ROSA,principal,43,500.01644881892463,129.65083599991937,0.025323590814195166,0.029363462732322824,0.06999999999999318,-4.175365344499445e-05,0.9999999559713111,0.999999911942624
2022,1078,MT,CINZA,principal,43,500.01624092266917,129.65336697765176,0.024513715710721806,0.02894659283763183,0.06999999999999318,7.481296758175899e-05,0.999999959452951,0.9999999189059036
2022,1079,MT,CINZA,principal,43,,,,,,,,
2022,1080,MT,CINZA,principal,43,,,,,,,,
2022,1081,MT,LARANJA,principal,42,,,,,,,,
2022,1082,MT,LARANJA,principal,42,500.0161702028563,129.6575045174294,0.025899705014750692,0.030132450975151798,0.06000000000005912,-0.00017699115043946634,0.9999999442860116,0.9999998885720263
2022,1083,MT,VERDE,principal,43,500.01843515571875,129.6571333496492,0.024737499999999316,0.029276697218093537,0.07000000000005002,0.00016250000000162857,0.9999999355453059,0.9999998710906158
2022,1115,MT,AZUL,principal,45,,,,,,,,
2022,1116,MT,AMARELA,principal,45,,,,,,,,
2022,1117,MT,ROSA,principal,45,,,,,,,,
2022,1118,MT,CINZA,principal,45,,,,,,,,
2022,1119,MT,CINZA,principal,45,,,,,,,,
2022,1120,MT,CINZA,principal,45,,,,,,,,
2022,1121,MT,LARANJA,principal,45,,,,,,,,
2022,1122,MT,LARANJA,principal,45,,,,,,,,
2022,1155,MT,AZUL,reaplicacao,45,500.01335953882364,129.6773243477469,0.04093750000000207,0.13096993929906206,2.3799999999999955,7.812500000103917e-05,0.9999994612541927,0.9999989225086756
2022,1156,MT,AMARELA,reaplicacao,45,500.0142414683097,129.65514901754403,0.026341463414633757,0.040424575958982176,0.57000000000005,-3.7523452157884315e-05,0.9999999460513023,0.9999998921026074
2022,1157,MT,ROSA,reaplicacao,45,500.0143085320749,129.6664107691929,0.030738522954089843,0.08833342748460171,1.75,-0.00011976047904373607,0.9999997306162182,0.9999994612325089
2022,1158,MT,CINZA,reaplicacao,45,500.01079466819004,129.67055153384086,0.03609259259259303,0.14263200513520538,3.2000000000000455,1.8518518514922647e-05,0.9999993401781623,0.9999986803567599
2022,1159,MT,CINZA,principal,45,,,,,,,,
2022,1160,MT,CINZA,principal,45,,,,,,,,
2022,1161,MT,LARANJA,principal,45,,,,,,,,
2022,1162,MT,LARANJA,principal,45,,,,,,,,
2022,1183,MT,AZUL,digital,43,500.0160406163842,129.65363204386398,0.027303370786518705,0.03899646259446674,0.6700000000000728,-3.745318352070712e-05,0.9999999366511405,0.999999873302285
2022,1184,MT,AMARELA,digital,43,500.01704626800483,129.6679563695596,0.033009950248756595,0.1168949436917483,3.060000000000059,-7.462686567185672e-05,0.9999994912923018,0.9999989825848624
2022,1185,MT,ROSA,digital,43,500.0168255691532,129.72742374623473,0.07212158808932861,0.3032072152581712,6.779999999999973,3.722084367242272e-05,0.9999963680463204,0.999992736105832
2022,1186,MT,CINZA,digital,43,500.0160667255134,129.6521163671244,0.025317559153174296,0.029358012562483007,0.07000000000005002,-3.7359900374060545e-05,0.9999999644951163,0.9999999289902338
2010,85,CH,Azul,principal,42,501.4849179360888,112.315343333818,0.026085561497325944,0.031437910967323415,0.2699999999999818,-0.00026737967914389866,0.9999999378314791,0.9999998756629621
2010,86,CH,Amarelo,principal,42,501.4844186449572,112.31689828165375,0.025500562429696113,0.033884273372795266,0.5,-0.00019122609673837324,0.9999999351852774,0.999999870370559
2010,87,CH,Branco,principal,42,501.48494048301177,112.31477146422023,0.02566596194503012,0.030158145534363766,0.12000000000000455,6.342494714485828e-05,0.9999999434702087,0.9999998869404206
2010,88,CH,Rosa,principal,42,501.4856834913037,112.31349994946899,0.025562913907283477,0.029819175423844338,0.14999999999997726,-2.509643216812716e-16,0.9999999417712059,0.9999998835424152
2010,101,CH,Azul,reaplicacao,44,502.1591839307515,111.46791711184471,0.9817750000000006,9.843644878803786,277.51000000000005,7.499999999829754e-05,0.9945308254687507,0.9890915628075547
2010,102,CH,Amarelo,reaplicacao,44,501.48698374342933,112.31362566428498,0.025162499999998075,0.029780446605111435,0.14999999999997726,-0.00016250000000063382,0.999999946278947,0.9999998925578968
2010,103,CH,Branco,reaplicacao,44,501.4874496433774,112.31459711138774,0.02541250000000076,0.02961207523967396,0.07000000000005002,-1.2500000001409718e-05,0.9999999485221039,0.9999998970442106
2010,104,CH,Rosa,reaplicacao,44,501.48732213670183,112.31469885716646,0.025212500000000235,0.029809813820285837,0.1099999999999568,-3.7500000000108004e-05,0.9999999507097882,0.9999999014195788
2010,89,CN,Azul,principal,41,501.1414884000092,113.10596445794071,0.026224598930481447,0.03089052603842284,0.10000000000002274,-4.2556570270123646e-16,0.9999999245191813,0.9999998490383682
2010,90,CN,Amarelo,principal,41,501.1420385541444,113.10611186936846,0.02584926884139472,0.03087403195678973,0.10000000000002274,-0.00011248593925659533,0.9999999283256362,0.9999998566512776
2010,91,CN,Branco,principal,41,501.1422650606716,113.1101896106602,0.025665961945030784,0.029996476184869378,0.08999999999997499,0.00012684989429001702,0.999999927167494,0.9999998543349933
2010,92,CN,Rosa,principal,41,501.1406396734191,113.10515412909797,0.025198675496687972,0.02955333413506587,0.10000000000002274,-0.00016556291390769885,0.9999999292501993,0.9999998585004036
2010,105,CN,Azul,reaplicacao,45,501.42531206587995,112.52724621609914,0.5918625000000008,6.034097913110128,170.14999999999998,0.00013750000000158026,0.997274657294824,0.9945567420825087
2010,106,CN,Amarelo,reaplicacao,45,501.1412027033136,113.10580266278474,0.02511250000000146,0.029272427299424204,0.08000000000004093,-6.249999999823785e-05,0.9999999351985839,0.999999870397172
2010,107,CN,Branco,reaplicacao,45,501.141372359937,113.1065607640201,0.025000000000000498,0.029393876913399758,0.07000000000005002,2.1316282072803005e-16,0.999999935204344,0.9999998704086923
2010,108,CN,Rosa,reaplicacao,45,501.1406698013973,113.1043568384129,0.02448750000000082,0.029092524813087033,0.07000000000005002,0.000112499999997695,0.9999999413874174,0.9999998827748383
2010,93,LC,Amarelo,principal,47,499.9771587267867,108.08891523693785,0.024384236453199953,0.02908709530531443,0.08999999999997499,-0.0001477832512299926,0.9999999121101578,0.9999998242203234
2010,94,LC,Cinza,principal,47,499.97606822191136,108.08784108404664,0.024987531172068363,0.029369942393703163,0.08999999999997499,0.00017456359102341917,0.9999999175556005,0.9999998351112077
2010,95,LC,Azul,principal,47,499.97509547572685,108.09271236082411,0.02633939393939417,0.0366060104354466,0.6100000000000136,-3.636363636380999e-05,0.9999998708825452,0.999999741765107
2010,96,LC,Rosa,principal,47,499.974845770403,108.09122745816994,0.0257997557997551,0.03655661139090864,0.6200000000000045,-8.547008547056298e-05,0.9999998661809849,0.9999997323619877
2010,109,LC,Amarelo,reaplicacao,48,,,,,,,,
2010,110,LC,Cinza,reaplicacao,48,,,,,,,,
2010,111,LC,Azul,reaplicacao,48,,,,,,,,
2010,112,LC,Rosa,reaplicacao,48,,,,,,,,
2010,97,MT,Amarelo,principal,42,500.0282994774987,129.6507645062926,0.039642857142853816,0.3868944787178221,11.719999999999914,7.575757575812205e-05,0.9999937428268049,0.999987485692762
2010,98,MT,Cinza,principal,42,500.0137617394043,129.6797050096193,0.03785485592316075,0.13994472151547158,3.6200000000000045,-0.00011739594450241525,0.9999992276997299,0.9999984554000563
2010,99,MT,Azul,principal,42,500.015823593867,129.65238854151957,0.02480681818181855,0.031015025684043487,0.34000000000003183,-1.1363636367307932e-05,0.9999999621578758,0.999999924315753
2010,100,MT,Rosa,principal,42,500.0148882932835,129.67353413091305,0.03367664670658561,0.1070754392967813,2.5599999999999454,0.00021556886227661455,0.9999995279784926,0.999999055957208
2010,113,MT,Amarelo,reaplicacao,38,,,,,,,,
2010,114,MT,Cinza,reaplicacao,38,,,,,,,,
2010,115,MT,Azul,reaplicacao,38,,,,,,,,
2010,116,MT,Rosa,reaplicacao,38,,,,,,,,
2009,53,CH,AZUL,principal,45,501.48651915755016,112.31402240991359,0.025666666666665602,0.030426264571214695,0.12999999999999545,1.0101010099278387e-05,0.9999999596150454,0.9999999192300925
2009,54,CH,AMARELO,principal,45,501.4857740073486,112.31409485111284,0.025936842105262366,0.030769089068499077,0.13999999999998636,6.315789473672483e-05,0.9999999550775928,0.9999999101551875
2009,55,CH,BRANCO,principal,45,501.48641647895795,112.31433840889876,0.024951974386341984,0.029730199100030053,0.13999999999998636,0.0001280683030954135,0.9999999607949839,0.9999999215899693
2009,56,CH,ROSA,principal,45,501.48526036194886,112.31436181738103,0.02558823529411553,0.030187948211074223,0.11000000000001364,-2.2624434389183998e-05,0.9999999567565445,0.9999999135130909
2009,69,CH,AZUL,reaplicacao,45,501.48880364101075,112.32347859886299,0.02584051724137884,0.030207614933985216,0.06999999999999318,6.465517241495937e-05,0.9999999151761851,0.9999998303523775
2009,70,CH,AMARELO,reaplicacao,45,501.4874417605614,112.32178199313546,0.025696629213483087,0.030355570726924293,0.08999999999997499,3.370786517036087e-05,0.9999999127217767,0.999999825443561
2009,71,CH,BRANCO,reaplicacao,45,501.4888707231568,112.32241833254234,0.026053921568628347,0.030774320845949586,0.07999999999998408,-4.901960784302301e-05,0.9999999187168952,0.9999998374337971
2009,72,CH,ROSA,reaplicacao,45,501.0861205897782,112.54213222347477,2.9640417690417684,3.789613715541746,10.539999999999964,-1.228501228402346e-05,0.9986418944684844,0.9972856333876036
2009,49,CN,AZUL,principal,43,501.14314432429916,113.1017879678471,0.026020202020200577,0.030692347613373267,0.15999999999996817,6.060606060560356e-05,0.9999999496032026,0.9999998992064077
2009,50,CN,AMARELO,principal,43,501.1409925638169,113.10815592586322,0.02531578947368554,0.03092775963094664,0.19999999999998863,-0.00015789473684130347,0.9999999469839144,0.9999998939678315
2009,51,CN,BRANCO,principal,43,501.1421329042645,113.1076577065051,0.025965848452507864,0.031976845945583456,0.25,1.0672358591663616e-05,0.9999999487648783,0.9999998975297593
2009,52,CN,ROSA,principal,43,501.1398331457582,113.1085102058804,0.02544117647058773,0.03190589953816308,0.22000000000002728,5.656108597318505e-05,0.9999999442781984,0.9999998885563999
2009,65,CN,AZUL,reaplicacao,43,501.1458154542944,113.1147409566862,0.02517241379310175,0.029199078870683865,0.06000000000005912,0.0001939655172412029,0.9999998912750374,0.9999997825500866
2009,66,CN,AMARELO,reaplicacao,43,501.1415126138283,113.11100034029587,0.024528089887641005,0.028918715995553953,0.06000000000005912,-0.00010112359550552601,0.9999998929283174,0.9999997858566462
2009,67,CN,BRANCO,reaplicacao,43,501.1428521267745,113.11258896064987,0.02497549019607745,0.02911269516220969,0.06999999999999318,7.352941176449969e-05,0.9999998895073932,0.9999997790147985
2009,68,CN,ROSA,reaplicacao,43,501.1411148057055,113.1081538965584,0.024864864864862852,0.028953915768494418,0.07000000000005002,2.457002457202736e-05,0.9999998864389406,0.999999772877894
2009,57,LC,AMARELO,principal,44,499.9777625109854,108.09417994469882,0.026973262032086776,0.04453923344095805,0.8500000000000227,-6.417112299438126e-05,0.9999998965526816,0.9999997931053739
2009,58,LC,CINZA,principal,44,499.9726968185265,108.09014410211233,0.026783754116356532,0.0360418100911057,0.46999999999999886,2.1953896818193714e-05,0.9999999335697884,0.9999998671395813
2009,59,LC,AZUL,principal,44,499.9732733061976,108.09360157326687,0.026147816349382787,0.04191523467781453,0.75,-5.5991041434274556e-05,0.9999999147495878,0.9999998294991829
2009,60,LC,ROSA,principal,44,499.97589999926265,108.09381581032636,0.027566628041714083,0.042203227348265385,0.6899999999999409,-8.111239860735314e-05,0.999999909974563,0.9999998199491341
2009,73,LC,AMARELO,reaplicacao,45,499.97719262224933,108.09418243018852,0.026058890147225164,0.03059804063335051,0.08999999999997499,3.397508493761707e-05,0.9999998916354922,0.9999997832709961
2009,74,LC,CINZA,reaplicacao,45,499.9785066216149,108.09688492861493,0.025313653136532603,0.029887036192124763,0.09000000000003183,-0.00014760147601679336,0.9999999032500084,0.9999998065000262
2009,75,LC,AZUL,reaplicacao,45,499.9772178324538,108.09890495004805,0.0254295154185028,0.029810340280936695,0.06999999999999318,1.1013215858707807e-05,0.9999999048015364,0.999999809603082
2009,76,LC,ROSA,reaplicacao,45,499.9782493756084,108.09859109518264,0.026276477146042546,0.03098710488084202,0.06999999999999318,1.1148272019221249e-05,0.9999998881992533,0.9999997763985192
2009,61,MT,AMARELO,principal,43,500.0118416949864,129.6514292416633,0.02586096256684523,0.03045466517655531,0.060000000000002274,0.00012834224598967444,0.9999999638513194,0.9999999277026401
2009,62,MT,CINZA,principal,43,500.0153773520183,129.65151867547775,0.026388583973656593,0.03055289990566474,0.06999999999999318,-6.586169045005738e-05,0.9999999617671064,0.9999999235342142
2009,63,MT,AZUL,principal,43,500.01396421329093,129.6533374167316,0.025263157894736463,0.02974697327145997,0.06000000000005912,0.0001343784994381214,0.9999999647263279,0.999999929452657
2009,64,MT,ROSA,principal,43,500.01540942437714,129.6500239526814,0.024820393974506364,0.02890027605348307,0.06999999999999318,0.00011587485515612806,0.9999999654694722,0.9999999309389457
2009,77,MT,AMARELO,reaplicacao,45,500.0142755664739,129.6546716857202,0.024779161947904027,0.02931069169759618,0.060000000000002274,9.060022649977573e-05,0.9999999396483599,0.9999998792967234
2009,78,MT,CINZA,reaplicacao,45,500.0159587727116,129.65725655334717,0.025547355473554013,0.03116239257417666,0.3100000000000591,6.150061500609412e-05,0.999999932257874,0.9999998645157525
2009,79,MT,AZUL,reaplicacao,45,500.0173821470702,129.65600440854757,0.0249669603524223,0.029254692006672186,0.07000000000005002,3.3039647576749446e-05,0.9999999349391535,0.9999998698783112
2009,80,MT,ROSA,reaplicacao,45,500.0163398180774,129.65706942356084,0.02497212931995367,0.029061883766734395,0.06000000000005912,0.00013377926421601638,0.9999999270138887,0.9999998540277828
