ano,area,codigo,tipo,A,B,mae,rmse,erro_max,vies,correlacao,r2
2021,LC,896,Laranja - Adaptada Ledor,499.977,108.09,9.935518868,10.85599358,28.02,-8.807877358,0.9965832314,0.9931781372
2021,LC,897,Verde - Videoprova - Libras,499.977,108.09,8.872059497,13.20542014,35.2,-4.43590389,0.9801180872,0.9606314649
2020,LC,691,Azul (Digital),499.977,108.09,44.39547945,50.06361682,125.99,-42.33687422,0.908472958,0.8253231154
2020,LC,692,Amarela (Digital),499.977,108.09,43.00372354,48.30150227,107.02,-41.19667497,0.9138652631,0.835149719
2020,LC,693,Branca (Digital),499.977,108.09,51.77391304,55.89496515,128.98,-50.88695652,0.9331162712,0.8707059756
2020,LC,694,Rosa (Digital),499.977,108.09,49.44102244,53.97002818,113.6,-48.17987531,0.9154609066,0.8380686715
2019,MT,515,Azul,500.016,129.654,30.77857558,39.55093329,144.81,-15.73584302,0.9439957252,0.8911279292
2019,MT,516,Amarela,500.016,129.654,28.86913632,37.64913077,137.54,-15.38193548,0.9539137064,0.9099513592
2019,MT,517,Rosa,500.016,129.654,29.0511828,37.56704085,162.2,-12.95380254,0.9435408032,0.8902692473
2019,MT,518,Cinza,500.016,129.654,29.47954222,37.92015338,143.63,-14.92928789,0.9504342803,0.9033253212
2019,MT,522,Laranja - Adaptada Ledor,500.016,129.654,27.0628373,36.40592902,139.97,-4.519662698,0.8819923461,0.7779104986
2019,MT,526,Verde - Videoprova - Libras,500.016,129.654,21.4518,28.99310219,153.77,0.984775,0.8939438512,0.799135609
2018,CN,447,Azul,501.142,113.11,11.69799389,15.06443467,67.07,-3.394959267,0.9790782791,0.9585942765
2018,CN,448,Amarela,501.142,113.11,11.49692689,14.9221642,44.22,-3.875167286,0.9828212443,0.9659375983
2018,CN,449,Cinza,501.142,113.11,11.82693837,15.1757278,42.11,-3.694393638,0.9825716595,0.9654470661
2018,CN,450,Rosa,501.142,113.11,12.09796628,15.63593919,50.6,-5.358219178,0.9794019478,0.9592281754
2018,CN,463,Laranja - Adaptada Ledor,501.142,113.11,6.306567718,8.951276564,29.86,-1.471985158,0.9895558881,0.9792208557
2018,CN,467,Verde - Videoprova - Libras,501.142,113.11,10.3994125,14.59609138,48.78,2.7970625,0.9596254976,0.9208810956
2017,CN,391,Azul,501.142,113.11,22.41606621,29.17996163,109.39,-16.81355404,0.9544081372,0.9108948924
2017,CN,392,Amarela,501.142,113.11,22.2773238,28.97118117,96.06,-16.71454545,0.9539135744,0.9099511074
2017,CN,393,Cinza,501.142,113.11,22.47118974,28.96249334,118.86,-17.42345641,0.9594645577,0.9205722374
2017,CN,394,Rosa,501.142,113.11,22.75416912,29.5174044,121.78,-17.44903638,0.9562811945,0.914473723
2017,CN,407,Laranja - Adaptada Ledor,501.142,113.11,15.86801431,21.69546713,109.05,-9.666404293,0.9572482877,0.9163242842
2017,CH,395,Azul,501.487,112.315,23.38353597,29.11964625,110.86,-16.36736575,0.9532503125,0.9086861584
2017,CH,396,Amarela,501.487,112.315,24.42627291,30.56213524,166.93,-17.97765784,0.9548776185,0.9117912663
2017,CH,397,Branca,501.487,112.315,22.03614919,27.06695704,126.56,-15.23951613,0.9627938799,0.9269720552
2017,CH,398,Rosa,501.487,112.315,21.92702807,27.00878754,105.27,-15.88176186,0.9600765505,0.9217469828
2017,CH,408,Laranja - Adaptada Ledor,501.487,112.315,25.8981362,32.20778417,124.88,-14.81623656,0.9287719585,0.862617351
2017,CH,412,Verde - Videoprova - Libras,501.487,112.315,3.14725,4.755776409,18.26,-0.28215,0.9975504534,0.9951069071
2017,LC,413,Verde - Videoprova - Libras,499.977,108.09,3.0924,5.047275205,14.79,-0.9367,0.9965884554,0.9931885495
2017,MT,403,Azul,500.016,129.654,65.58943525,79.70081703,227.29,-52.5808666,0.8378217271,0.7019452465
2017,MT,404,Amarela,500.016,129.654,63.86041879,78.11581526,207.9,-50.50395301,0.8378451002,0.7019844119
2017,MT,405,Rosa,500.016,129.654,61.26067847,75.40544921,221.52,-46.45129794,0.8533892303,0.7282731784
2017,MT,406,Cinza,500.016,129.654,64.52530256,78.49074183,203.68,-52.2444,0.8434852264,0.7114673271
2017,MT,410,Laranja - Adaptada Ledor,500.016,129.654,45.74826476,59.19295381,200.98,-14.75338104,0.4829865619,0.233276019
2016,CN,331,Azul (Reaplicao),501.142,113.11,1.97976,3.580697697,10.16,-1.96408,0.9993418371,0.9986841074
2016,CN,332,Amarela (Reaplicao),501.142,113.11,1.800172414,3.330973245,10.32,-1.780344828,0.999564916,0.9991300214
2016,CN,333,Branca (Reaplicao),501.142,113.11,1.694761905,3.115573019,9.49,-1.680285714,0.999545559,0.9990913245
2016,CN,351,Azul (Reaplicao),501.142,113.11,1.826223602,3.377340403,14.02,-1.807763975,0.9994182367,0.9988368118
2016,CN,352,Amarela (Reaplicao),501.142,113.11,1.859514925,3.346557506,10.08,-1.842375622,0.9994585499,0.9989173929
2016,CN,353,Branca (Reaplicao),501.142,113.11,1.983125,3.522060725,11.42,-1.965725,0.9993004402,0.9986013699
2016,CN,354,Rosa (Reaplicao),501.142,113.11,2.004725,3.569489389,16,-1.986825,0.9993358731,0.9986721872
2015,CN,252,BRANCO - ADAPTADA (BRAILE E LEDOR),501.142,113.11,12.572175,17.03328814,64.03,2.658675,0.9688581166,0.9386860502
2014,LC,213,CINZA(REAPLICAO),499.977,108.09,104.0455894,124.1878081,290.26,-97.48128049,0.0047407018,2.25E-05
2013,CN,188,BRANCO - PROVA ESPECIAL (LEDOR),501.142,113.11,95.6637875,111.9229409,313.58,-91.0242125,0.1117376041,0.01248529218
2013,CH,187,BRANCO - PROVA ESPECIAL (LEDOR),501.487,112.315,131.7218375,156.7571916,359.2,-123.9592125,-0.1099293179,0.01208445493
2013,LC,189,CINZA - PROVA ESPECIAL (LEDOR),499.977,108.09,106.0349474,122.4885795,299.8,-103.7581053,0.4271730529,0.1824768171
2013,MT,190,CINZA - PROVA ESPECIAL (LEDOR),500.016,129.654,90.159575,114.2562019,346.47,-62.901325,0.03660857596,0.001340187834
2013,MT,179,AMARELO,500.016,129.654,23.28926514,30.0892911,100.22,-13.01415094,0.9584415485,0.918610202
2013,MT,180,CINZA,500.016,129.654,21.11232604,27.67882028,93.07,-10.32091451,0.9655670457,0.9323197197
2013,MT,181,AZUL,500.016,129.654,22.99670465,29.57070921,99.86,-11.95976258,0.9586902386,0.9190869736
2013,MT,182,ROSA,500.016,129.654,23.49003212,29.89716355,86.3,-14.66056745,0.965436889,0.9320683866
2011,CN,121,Azul,501.142,113.11,42.25769,51.67045527,143.42,-38.69827,0.9383942984,0.8805838593
2011,CN,122,Amarela,501.142,113.11,42.93645701,52.14595425,151.6,-40.15306529,0.9271501304,0.8596073642
2011,CN,123,Branca,501.142,113.11,42.15163743,51.69357311,146.56,-38.16647823,0.9359804303,0.8760593658
2011,CN,124,Rosa,501.142,113.11,42.61292734,51.64683779,152.58,-38.26847059,0.9216165889,0.8493771368