ano,area,codigo,tipo,A,B,mae,rmse,erro_max,vies,correlacao,r2
2024,CN,1419,Azul,501.142,113.11,0.02538310413,0.02997707048,0.06,0.002436149312,0.9999999323,0.9999998646
2024,CN,1420,Amarela,501.142,113.11,0.02539618857,0.02959777161,0.11,-0.0006619859579,0.999999928,0.9999998561
2024,CN,1421,Verde,501.142,113.11,0.02434599156,0.02852195838,0.07,-0.0004852320675,0.9999999315,0.9999998629
2024,CN,1422,Cinza,501.142,113.11,0.02510223953,0.02938513027,0.06,0.0005258033106,0.9999999376,0.9999998752
2024,CN,1423,Verde - Ampliada,501.142,113.11,0.02593008739,0.03016599933,0.07,-0.001860174782,0.9999999213,0.9999998426
2024,CN,1424,Verde - Superampliada,501.142,113.11,0.02518786127,0.02953639863,0.06,-0.0005057803468,0.9999999134,0.9999998268
2024,CN,1426,Laranja - Adaptada Ledor,501.142,113.11,0.02524344569,0.02958303661,0.07,-0.0003995006242,0.9999998972,0.9999997943
2024,CN,1427,Roxa - Videoprova - Libras,501.142,113.11,0.0245625,0.0290064648,0.06,0.0003375,0.9999998756,0.9999997512
2024,CN,1373,Azul (Reaplicao),501.142,113.11,0.02315789474,0.0271448357,0.06,0.003859649123,0.9999999587,0.9999999175
2024,CN,1374,Amarela (Reaplicao),501.142,113.11,0.02694915254,0.02977315364,0.05,-0.001186440678,0.9999999488,0.9999998976
2024,CN,1375,Cinza (Reaplicao),501.142,113.11,0.02428571429,0.02903200205,0.05,-0.00619047619,0.9999999343,0.9999998685
2024,CN,1376,Verde (Reaplicao),501.142,113.11,0.02716981132,0.0309594988,0.06,-0.003773584906,0.9999999469,0.9999998938
2024,CH,1383,Azul,501.487,112.315,0.02598796389,0.03270947461,0.38,-0.0002507522568,0.99999993,0.99999986
2024,CH,1384,Amarela,501.487,112.315,0.02689386563,0.03152100118,0.14,0.000311587147,0.9999999418,0.9999998835
2024,CH,1385,Branca,501.487,112.315,0.02699705594,0.03537407,0.5,-9.81E-06,0.9999999291,0.9999998583
2024,CH,1386,Verde,501.487,112.315,0.02601265823,0.03085627496,0.11,-0.0001476793249,0.9999999372,0.9999998745
2024,CH,1387,Verde - Ampliada,501.487,112.315,0.02535580524,0.03107519775,0.13,0.001111111111,0.9999999416,0.9999998832
2024,CH,1388,Verde - Superampliada,501.487,112.315,0.0262283237,0.03085721358,0.12,0.001950867052,0.9999999368,0.9999998736
2024,CH,1390,Laranja - Adaptada Ledor,501.487,112.315,0.02518102372,0.03033932114,0.13,-0.0002621722846,0.9999999382,0.9999998764
2024,CH,1391,Roxa - Videoprova - Libras,501.487,112.315,0.0264125,0.03221606742,0.12,0.0011625,0.9999999169,0.9999998337
2024,LC,1395,Azul,499.977,108.09,0.02554555681,0.02969852269,0.11,0.0001912260967,0.9999998878,0.9999997756
2024,LC,1396,Amarela,499.977,108.09,0.02606356968,0.03017066371,0.11,-0.001173594132,0.9999998933,0.9999997866
2024,LC,1397,Verde,499.977,108.09,0.02506145251,0.02921123225,0.08,-0.0009273743017,0.9999998933,0.9999997865
2024,LC,1398,Branca,499.977,108.09,0.02567599068,0.02983833676,0.08,0.00141025641,0.9999998937,0.9999997873
2024,LC,1399,Verde - Ampliada,499.977,108.09,0.02560549313,0.0302156213,0.09,0.0011360799,0.9999999045,0.999999809
2024,LC,1400,Verde - Superampliada,499.977,108.09,0.0256641604,0.03005425337,0.09,-0.001152882206,0.9999999054,0.9999998107
2024,LC,1402,Laranja - Adaptada Ledor,499.977,108.09,0.02475,0.02903876719,0.07,0.0007,0.9999999124,0.9999998247
2024,LC,1403,Roxa - Videoprova - Libras,499.977,108.09,0.02634551495,0.03108770147,0.09,0.0001661129568,0.9999998958,0.9999997916
2024,MT,1407,Azul,500.016,129.654,0.0263064833,0.04867396847,1.24,0.0004518664047,0.9999999131,0.9999998262
2024,MT,1408,Amarela,500.016,129.654,0.0248445336,0.02935788918,0.1,0.001193580742,0.9999999637,0.9999999274
2024,MT,1409,Verde,500.016,129.654,0.02821729958,0.07608775192,2.15,-0.0001582278481,0.9999997806,0.9999995612
2024,MT,1410,Cinza,500.016,129.654,0.02519961052,0.02928887782,0.06,0.0007594936709,0.9999999701,0.9999999403
2024,MT,1411,Verde - Ampliada,500.016,129.654,0.02847690387,0.07779659127,1.8,-0.004731585518,0.9999997172,0.9999994344
2024,MT,1412,Verde - Superampliada,500.016,129.654,0.02582369942,0.03003610544,0.06,0.001835260116,0.9999999462,0.9999998923
2024,MT,1414,Laranja - Adaptada Ledor,500.016,129.654,0.02539325843,0.03034137853,0.24,-0.001148564295,0.9999999194,0.9999998389
2024,MT,1415,Roxa - Videoprova - Libras,500.016,129.654,0.0242875,0.02859414276,0.06,0.0009125,0.9999999235,0.9999998471
2024,MT,1363,Azul (Reaplicao),500.016,129.654,0.02456140351,0.02853130014,0.05,0.003859649123,0.999999974,0.999999948
2024,MT,1364,Amarela (Reaplicao),500.016,129.654,0.02542372881,0.02922733803,0.06,-0.001355932203,0.9999999766,0.9999999532
2024,MT,1365,Verde (Reaplicao),500.016,129.654,0.02490566038,0.03150321936,0.11,-0.001509433962,0.9999999741,0.9999999482
2024,MT,1366,Cinza (Reaplicao),500.016,129.654,0.0273015873,0.0314718317,0.05,0.0009523809524,0.9999999594,0.9999999188
2023,CN,1221,Azul,501.142,113.11,0.02456499488,0.02885037105,0.06,-0.001248720573,0.9999999229,0.9999998459
2023,CN,1222,Amarela,501.142,113.11,0.0255721393,0.02986870107,0.07,5.97E-05,0.9999999173,0.9999998347
2023,CN,1223,Rosa,501.142,113.11,0.02421487603,0.0288305107,0.07,-0.000805785124,0.9999999222,0.9999998444
2023,CN,1224,Cinza,501.142,113.11,0.02515533981,0.02958121944,0.07,-0.001427184466,0.9999999187,0.9999998374
2023,CN,1225,Rosa - Ampliada,501.142,113.11,0.0244,0.02890069203,0.06,-0.00065,0.9999999238,0.9999998475
2023,CN,1226,Rosa - Superampliada,501.142,113.11,0.02554313099,0.02996003728,0.07,1.60E-05,0.999999918,0.999999836
2023,CN,1227,Laranja - Braile,501.142,113.11,0.02705882353,0.03124852938,0.05,0.0006722689076,0.999999858,0.999999716
2023,CN,1228,Laranja - Adaptada Ledor,501.142,113.11,0.02563552833,0.02995657909,0.08,-0.001439509954,0.9999999018,0.9999998035
2023,CN,1229,Verde - Videoprova - Libras,501.142,113.11,0.0260625,0.03120697038,0.07,0.0039125,0.9999999072,0.9999998143
2023,CN,1301,Azul (Reaplicao),501.142,113.11,0.0245125,0.02907103369,0.06,-0.0008875,0.9999999233,0.9999998466
2023,CN,1302,Amarela (Reaplicao),501.142,113.11,0.02506866417,0.02958725643,0.08,-0.00127340824,0.999999931,0.999999862
2023,CN,1303,Cinza (Reaplicao),501.142,113.11,0.025775,0.0299165506,0.06,0.001625,0.9999999197,0.9999998394
2023,CN,1304,Rosa (Reaplicao),501.142,113.11,0.0255625,0.02960785369,0.07,-0.0013625,0.9999999254,0.9999998508
2023,CH,1191,Azul,501.487,112.315,0.02550248756,0.02985370632,0.09,0.0004676616915,0.9999999316,0.9999998633
2023,CH,1192,Amarela,501.487,112.315,0.02662135922,0.04449500899,1.06,-0.002310679612,0.9999998277,0.9999996553
2023,CH,1193,Branca,501.487,112.315,0.02491299898,0.02918546209,0.07,0.0001637666325,0.9999999321,0.9999998641
2023,CH,1194,Rosa,501.487,112.315,0.0254338843,0.02977185981,0.07,0.0005165289256,0.9999999222,0.9999998443
2023,CH,1195,Rosa - Ampliada,501.487,112.315,0.026075,0.03048770244,0.1,-0.000575,0.9999999322,0.9999998645
2023,CH,1196,Rosa - Superampliada,501.487,112.315,0.02623003195,0.03117506991,0.09,0.0003194888179,0.9999999394,0.9999998787
2023,CH,1197,Laranja - Braile,501.487,112.315,0.02705882353,0.03103264749,0.05,0.003025210084,0.9999999247,0.9999998494
2023,CH,1198,Laranja - Adaptada Ledor,501.487,112.315,0.025,0.02961408221,0.09,-0.002024539877,0.9999999318,0.9999998635
2023,CH,1199,Verde - Videoprova - Libras,501.487,112.315,0.02631710362,0.03111334039,0.09,0.0007990012484,0.9999999285,0.999999857
2023,CH,1271,Azul (Reaplicao),501.487,112.315,0.024775,0.02961418579,0.14,0.00095,0.9999999456,0.9999998912
2023,CH,1272,Amarela (Reaplicao),501.487,112.315,0.024525,0.02909037642,0.08,-0.001325,0.9999999454,0.9999998908
2023,CH,1273,Branca (Reaplicao),501.487,112.315,0.02605493134,0.03018254905,0.08,0.0011360799,0.9999999389,0.9999998777
2023,CH,1274,Rosa (Reaplicao),501.487,112.315,0.0254875,0.02981819914,0.08,0.0009375,0.9999999374,0.9999998748
2023,LC,1201,Azul,499.977,108.09,0.02557979334,0.02988304797,0.09,0.0007807118255,0.9999999013,0.9999998026
2023,LC,1202,Amarela,499.977,108.09,0.02594155844,0.02996209727,0.06,-0.001158008658,0.999999885,0.99999977
2023,LC,1203,Rosa,499.977,108.09,0.02523465704,0.0296530276,0.12,-0.001095066185,0.9999998901,0.9999997802
2023,LC,1204,Branca,499.977,108.09,0.02522565321,0.02962152392,0.11,0.001282660333,0.9999999047,0.9999998094
2023,LC,1205,Rosa - Ampliada,499.977,108.09,0.02475,0.0293257566,0.11,0.00105,0.9999999146,0.9999998291
2023,LC,1206,Rosa - Superampliada,499.977,108.09,0.02794805195,0.03272077858,0.11,0.0002597402597,0.9999998955,0.9999997911
2023,LC,1207,Laranja - Braile,499.977,108.09,0.02911392405,0.03241346806,0.05,-1.44E-15,0.9999998829,0.9999997658
2023,LC,1208,Laranja - Adaptada Ledor,499.977,108.09,0.02632754342,0.03061406284,0.08,-0.001811414392,0.9999998905,0.999999781
2023,LC,1209,Verde - Videoprova - Libras,499.977,108.09,0.02786828423,0.03429912257,0.13,0.005441941075,0.9999999081,0.9999998163
2023,LC,1281,Azul (Reaplicao),499.977,108.09,0.02573440644,0.02993285578,0.06,0.001428571429,0.9999999226,0.9999998452
2023,LC,1282,Amarela (Reaplicao),499.977,108.09,0.02626283368,0.03076372167,0.09,0.004743326489,0.9999999194,0.9999998388
2023,LC,1283,Rosa (Reaplicao),499.977,108.09,0.02457964602,0.02869969628,0.06,0.001792035398,0.9999999162,0.9999998323
2023,LC,1284,Branca (Reaplicao),499.977,108.09,0.02561507937,0.02998346105,0.09,0.0008928571429,0.9999999123,0.9999998246
2023,MT,1211,Azul,500.016,129.654,0.02532241556,0.02976537388,0.06,0.002272262027,0.9999999685,0.999999937
2023,MT,1212,Amarela,500.016,129.654,0.02823880597,0.07653048689,2.23,0.0006567164179,0.9999997957,0.9999995915
2023,MT,1213,Rosa,500.016,129.654,0.02729338843,0.08311099817,2.42,-0.002004132231,0.9999997215,0.9999994431
2023,MT,1214,Cinza,500.016,129.654,0.02581553398,0.03015010989,0.12,-0.0002427184466,0.9999999664,0.9999999329
2023,MT,1215,Rosa - Ampliada,500.016,129.654,0.0257375,0.0300520382,0.07,0.0020875,0.9999999657,0.9999999314
2023,MT,1216,Rosa - Superampliada,500.016,129.654,0.02544728435,0.03009303996,0.17,0.001549520767,0.9999999639,0.9999999278
2023,MT,1217,Laranja - Braile,500.016,129.654,0.02647058824,0.02988774516,0.06,0.005462184874,0.9999999502,0.9999999004
2023,MT,1218,Laranja - Adaptada Ledor,500.016,129.654,0.0256661562,0.03010446335,0.07,0.00248085758,0.999999939,0.999999878
2023,MT,1219,Verde - Videoprova - Libras,500.016,129.654,0.0249875,0.02931083417,0.06,0.0031125,0.9999999517,0.9999999034
2023,MT,1291,Azul (Reaplicao),500.016,129.654,0.02555,0.02959729717,0.06,0.00085,0.9999999666,0.9999999332
2023,MT,1292,Amarela (Reaplicao),500.016,129.654,0.02573033708,0.02991248158,0.06,0.00191011236,0.9999999669,0.9999999338
2023,MT,1293,Rosa (Reaplicao),500.016,129.654,0.02645,0.04187779841,0.79,0.00075,0.9999999317,0.9999998633
2023,MT,1294,Cinza (Reaplicao),500.016,129.654,0.024875,0.02896118092,0.06,0.0016,0.999999969,0.999999938
2022,CN,1085,Azul,501.142,113.11,0.02493534483,0.02903253229,0.06,0.002068965517,0.999999888,0.9999997761
2022,CN,1086,Amarela,501.142,113.11,0.02559055118,0.02975528235,0.06,0.002305961755,0.9999998953,0.9999997906
2022,CN,1087,Cinza,501.142,113.11,0.0254218107,0.02954908033,0.06,0.002067901235,0.9999998914,0.9999997827
2022,CN,1088,Rosa,501.142,113.11,0.02564417178,0.02962271278,0.06,-0.002372188139,0.999999887,0.999999774
2022,CN,1092,Laranja - Adaptada Ledor,501.142,113.11,0.02517964072,0.02916502704,0.05,0.0002694610778,0.9999998603,0.9999997207
2022,CN,1093,Verde - Videoprova - Libras,501.142,113.11,0.025125,0.02954234249,0.06,0.000525,0.9999998476,0.9999996952
2022,CN,1165,Azul (Reaplicao),501.142,113.11,0.02484313725,0.02946250525,0.07,0.003588235294,0.9999999469,0.9999998937
2022,CN,1166,Amarela (Reaplicao),501.142,113.11,0.02483082707,0.02924809614,0.08,0.002161654135,0.9999999404,0.9999998808
2022,CN,1167,Cinza (Reaplicao),501.142,113.11,0.02399628253,0.02830726259,0.06,0.001691449814,0.9999999434,0.9999998868
2022,CN,1168,Rosa (Reaplicao),501.142,113.11,0.02582,0.02989648809,0.08,0.00282,0.9999999367,0.9999998735
2022,CN,1187,Azul (Digital),501.142,113.11,0.02538840937,0.02951101698,0.06,0.00176325524,0.9999999066,0.9999998131
2022,CN,1188,Amarela (Digital),501.142,113.11,0.02562189055,0.03000414565,0.06,0.0005472636816,0.9999999153,0.9999998307
2022,CN,1189,Rosa (Digital),501.142,113.11,0.025075,0.029563491,0.06,-0.0003,0.999999906,0.999999812
2022,CN,1190,Cinza (Digital),501.142,113.11,0.024539801,0.02852292436,0.06,0.002848258706,0.9999999207,0.9999998413
2022,CH,1055,Azul,501.487,112.315,0.0246231721,0.02891553192,0.07,-0.001023622047,0.999999913,0.9999998261
2022,CH,1056,Amarela,501.487,112.315,0.02525388601,0.02935754222,0.07,3.11E-05,0.9999999194,0.9999998388
2022,CH,1057,Branca,501.487,112.315,0.0256684492,0.03020429548,0.1,0.0007486631016,0.9999999144,0.9999998288
2022,CH,1058,Rosa,501.487,112.315,0.02621676892,0.03044657395,0.09,-0.000654396728,0.9999999056,0.9999998113
2022,CH,1062,Laranja - Adaptada Ledor,501.487,112.315,0.02502994012,0.02948662541,0.07,0.00119760479,0.9999999308,0.9999998616
2022,CH,1063,Verde - Videoprova - Libras,501.487,112.315,0.024625,0.02937686164,0.09,0.00015,0.9999999168,0.9999998335
2022,CH,1135,Azul (Reaplicao),501.487,112.315,0.0270292887,0.03110247605,0.08,0.002092050209,0.9999999293,0.9999998585
2022,CH,1136,Amarela (Reaplicao),501.487,112.315,0.02570247934,0.02991724122,0.05,0.00173553719,0.9999999339,0.9999998679
2022,CH,1137,Branca (Reaplicao),501.487,112.315,0.02785407725,0.04806558466,0.57,0.0003004291845,0.9999998909,0.9999997819
2022,CH,1138,Rosa (Reaplicao),501.487,112.315,0.02483412322,0.02948210157,0.05,0.001042654028,0.9999999457,0.9999998913
2022,CH,1175,Azul (Digital),501.487,112.315,0.024975,0.02914189424,0.06,0.0007,0.9999999227,0.9999998455
2022,CH,1176,Amarela (Digital),501.487,112.315,0.025325,0.02939387691,0.06,0.0015,0.9999999189,0.9999998379
2022,CH,1177,Branca (Digital),501.487,112.315,0.02556803995,0.02966311051,0.09,-0.00127340824,0.9999999183,0.9999998366
2022,CH,1178,Rosa (Digital),501.487,112.315,0.02540574282,0.02950486111,0.07,1.25E-05,0.9999999147,0.9999998293
2022,LC,1065,Azul,499.977,108.09,0.02663875598,0.03131679464,0.13,-0.001088516746,0.9999999046,0.9999998093
2022,LC,1066,Amarela,499.977,108.09,0.02502994012,0.02971319995,0.14,-0.0002395209581,0.9999999102,0.9999998204
2022,LC,1067,Rosa,499.977,108.09,0.02498823529,0.02927757624,0.06,-1.14E-15,0.9999999109,0.9999998218
2022,LC,1068,Branca,499.977,108.09,0.02616921269,0.03006651459,0.09,0.0009988249119,0.9999999107,0.9999998213
2022,LC,1072,Laranja - Adaptada Ledor,499.977,108.09,0.0264573991,0.03078931735,0.11,0.001434977578,0.9999999158,0.9999998317
2022,LC,1073,Verde - Videoprova - Libras,499.977,108.09,0.03107551487,0.04165896191,0.2,0.006773455378,0.999999866,0.999999732
2022,LC,1145,Azul (Reaplicao),499.977,108.09,0.0237037037,0.02841491523,0.05,0.005432098765,0.9999999258,0.9999998516
2022,LC,1146,Amarela (Reaplicao),499.977,108.09,0.0252173913,0.02956202029,0.05,0.005869565217,0.9999999186,0.9999998372
2022,LC,1147,Rosa (Reaplicao),499.977,108.09,0.02873239437,0.03224029497,0.05,-0.002535211268,0.9999999089,0.9999998178
2022,LC,1148,Branca (Reaplicao),499.977,108.09,0.02653846154,0.03061338738,0.05,0.0001282051282,0.9999998768,0.9999997537
2022,LC,1179,Azul (Digital),499.977,108.09,0.02470734745,0.0291301883,0.08,-0.001892901619,0.999999915,0.99999983
2022,LC,1180,Amarela (Digital),499.977,108.09,0.02513715711,0.02969084261,0.11,-0.001321695761,0.9999999053,0.9999998106
2022,LC,1181,Branca (Digital),499.977,108.09,0.025375,0.02997498957,0.11,-0.0005,0.9999998976,0.9999997952
2022,LC,1182,Rosa (Digital),499.977,108.09,0.02513715711,0.02945896169,0.08,0.001271820449,0.9999999095,0.999999819
2022,MT,1075,Azul,500.016,129.654,0.02575431034,0.03005024528,0.12,6.47E-05,0.9999999515,0.9999999029
2022,MT,1076,Amarela,500.016,129.654,0.02479190101,0.02950281678,0.13,-0.0008323959505,0.9999999572,0.9999999145
2022,MT,1077,Rosa,500.016,129.654,0.02550102249,0.02945656398,0.06,-0.000327198364,0.999999956,0.999999912
2022,MT,1078,Cinza,500.016,129.654,0.02446502058,0.02889957067,0.07,0.0001440329218,0.9999999597,0.9999999194
2022,MT,1082,Laranja - Adaptada Ledor,500.016,129.654,0.02580838323,0.0299900183,0.06,0.000119760479,0.9999999451,0.9999998903
2022,MT,1083,Verde - Videoprova - Libras,500.016,129.654,0.0251125,0.0294766857,0.07,-0.0013375,0.999999936,0.9999998721
2022,MT,1155,Azul (Reaplicao),500.016,129.654,0.03384313725,0.1335752707,2.46,-0.007490196078,0.9999994594,0.9999989188
2022,MT,1156,Amarela (Reaplicao),500.016,129.654,0.02620300752,0.04044861216,0.57,0.001315789474,0.9999999461,0.9999998922
2022,MT,1157,Rosa (Reaplicao),500.016,129.654,0.02848,0.08915155635,1.79,-0.00396,0.9999997299,0.9999994598
2022,MT,1158,Cinza (Reaplicao),500.016,129.654,0.03215613383,0.1437211261,3.25,-0.003903345725,0.99999934,0.9999986801
2022,MT,1183,Azul (Digital),500.016,129.654,0.02727496917,0.03892513919,0.67,0.0003699136868,0.9999999366,0.9999998732
2022,MT,1184,Amarela (Digital),500.016,129.654,0.03012437811,0.1176902503,3.11,-0.005447761194,0.9999994909,0.9999989818
2022,MT,1185,Rosa (Digital),500.016,129.654,0.0401625,0.3070555731,7.05,-0.0142875,0.9999963678,0.9999927356
2022,MT,1186,Cinza (Digital),500.016,129.654,0.02536069652,0.02941595668,0.07,0.0005348258706,0.9999999645,0.999999929
2021,CN,909,Azul,501.142,113.11,0.0243442623,0.02902796842,0.07,-0.0006352459016,0.9999999244,0.9999998488
2021,CN,910,Amarela,501.142,113.11,0.0252715655,0.02970389905,0.07,-0.001054313099,0.999999923,0.9999998461
2021,CN,911,Cinza,501.142,113.11,0.02619387755,0.03033991108,0.07,-0.0009081632653,0.9999999162,0.9999998324
2021,CN,912,Rosa,501.142,113.11,0.02469453376,0.02941006237,0.07,0.00139335477,0.9999999296,0.9999998592
2021,CN,916,Laranja - Adaptada Ledor,501.142,113.11,0.02613861386,0.03033367787,0.07,-0.001848184818,0.9999999052,0.9999998103
2021,CN,917,Verde - Videoprova - Libras,501.142,113.11,0.0259875,0.03055527778,0.07,0.0011625,0.9999998669,0.9999997338
2021,CN,989,Azul (Reaplicao),501.142,113.11,0.02698598131,0.03123247172,0.08,0.001285046729,0.999999936,0.9999998719
2021,CN,990,Amarela (Reaplicao),501.142,113.11,0.02608501119,0.03000372833,0.06,0.004161073826,0.999999929,0.999999858
2021,CN,991,Cinza (Reaplicao),501.142,113.11,0.02634204276,0.03320203754,0.3,7.13E-05,0.9999999205,0.999999841
2021,CN,992,Rosa (Reaplicao),501.142,113.11,0.02495348837,0.02908288076,0.06,0.001186046512,0.9999999344,0.9999998689
2021,CN,1011,Azul (Digital),501.142,113.11,0.02555,0.02984962311,0.07,-0.00015,0.9999999333,0.9999998667
2021,CN,1012,Amarela (Digital),501.142,113.11,0.02494409938,0.02930244939,0.06,-0.0006211180124,0.9999999392,0.9999998785
2021,CN,1013,Rosa (Digital),501.142,113.11,0.02526119403,0.02951726032,0.07,0.001878109453,0.9999999362,0.9999998724
2021,CN,1014,Cinza (Digital),501.142,113.11,0.02581885856,0.02994825977,0.07,0.0002357320099,0.9999999286,0.9999998573
2021,CN,1045,Azul (Segunda oportunidade),501.142,113.11,0.0266763285,0.03090112016,0.09,0.001594202899,0.9999999038,0.9999998076
2021,CN,1046,Amarela (Segunda oportunidade),501.142,113.11,0.02619900498,0.03043466209,0.08,-0.0008457711443,0.9999998957,0.9999997915
2021,CN,1047,Cinza (Segunda oportunidade),501.142,113.11,0.0252753978,0.02940245371,0.07,-1.22E-05,0.9999999025,0.999999805
2021,CN,1048,Rosa (Segunda oportunidade),501.142,113.11,0.02490731707,0.02922578214,0.09,0.001043902439,0.9999998975,0.999999795
2021,CH,879,Azul,501.487,112.315,0.02527896996,0.02945134928,0.08,0.00160944206,0.9999999463,0.9999998925
2021,CH,880,Amarela,501.487,112.315,0.02518218623,0.02941742027,0.07,0.0006275303644,0.9999999471,0.9999998943
2021,CH,881,Branca,501.487,112.315,0.02523565574,0.02951277856,0.06,0.001239754098,0.9999999413,0.9999998827
2021,CH,882,Rosa,501.487,112.315,0.02488197425,0.02913082818,0.06,0.0009120171674,0.9999999498,0.9999998996
2021,CH,886,Laranja - Adaptada Ledor,501.487,112.315,0.02557755776,0.02986769506,0.07,0.003201320132,0.9999999476,0.9999998951
2021,CH,887,Verde - Videoprova - Libras,501.487,112.315,0.0257625,0.03015999005,0.08,0.0026125,0.9999999125,0.999999825
2021,CH,959,Azul (Reaplicao),501.487,112.315,0.02567669173,0.02998119712,0.07,0.0007894736842,0.9999999578,0.9999999155
2021,CH,960,Amarela (Reaplicao),501.487,112.315,0.02413084112,0.02845228831,0.07,0.002635514019,0.9999999598,0.9999999196
2021,CH,961,Branca (Reaplicao),501.487,112.315,0.02569767442,0.02993533082,0.11,0.001550387597,0.9999999551,0.9999999102
2021,CH,962,Rosa (Reaplicao),501.487,112.315,0.02461689587,0.0284332189,0.06,0.003516699411,0.9999999607,0.9999999214
2021,CH,999,Azul (Digital),501.487,112.315,0.02515489467,0.02940129561,0.07,0.001214374226,0.999999953,0.999999906
2021,CH,1000,Amarela (Digital),501.487,112.315,0.0247654321,0.02937623126,0.07,0.001580246914,0.9999999519,0.9999999038
2021,CH,1001,Branca (Digital),501.487,112.315,0.0246625,0.02917404669,0.1,0.0020625,0.9999999538,0.9999999076
2021,CH,1002,Rosa (Digital),501.487,112.315,0.02565756824,0.02996275604,0.07,0.00111662531,0.9999999513,0.9999999025
2021,CH,1015,Azul (Segunda oportunidade),501.487,112.315,0.02543147208,0.03002706055,0.08,0.002446700508,0.9999999463,0.9999998926
2021,CH,1016,Amarela (Segunda oportunidade),501.487,112.315,0.02550898204,0.02991805175,0.09,-0.0003592814371,0.9999999432,0.9999998863
2021,CH,1017,Branca (Segunda oportunidade),501.487,112.315,0.02462801932,0.02923997,0.07,0.001458937198,0.9999999458,0.9999998917
2021,CH,1018,Rosa (Segunda oportunidade),501.487,112.315,0.0255804878,0.02995932202,0.08,0.001385365854,0.9999999444,0.9999998888
2021,LC,889,Azul,499.977,108.09,0.02636141636,0.03102443009,0.12,0.0003052503053,0.9999998978,0.9999997956
2021,LC,890,Amarela,499.977,108.09,0.02558275058,0.0300679107,0.1,-8.16E-05,0.9999999033,0.9999998065
2021,LC,891,Rosa,499.977,108.09,0.02559218559,0.0299735333,0.08,-0.0005128205128,0.9999999142,0.9999998283
2021,LC,892,Branca,499.977,108.09,0.02591836735,0.03080919261,0.12,0.001111111111,0.9999999069,0.9999998138
2021,LC,969,Azul (Reaplicao),499.977,108.09,0.02513513514,0.02945449995,0.05,0.003963963964,0.9999999248,0.9999998495
2021,LC,970,Amarela (Reaplicao),499.977,108.09,0.02744075829,0.03201747153,0.07,0.002322274882,0.9999999089,0.9999998178
2021,LC,971,Rosa (Reaplicao),499.977,108.09,0.02630541872,0.03059347302,0.06,0.00236453202,0.9999999123,0.9999998246
2021,LC,972,Branca (Reaplicao),499.977,108.09,0.02583333333,0.02999182895,0.06,-0.002401960784,0.9999999137,0.9999998274
2021,LC,1003,Azul (Digital),499.977,108.09,0.02647940075,0.03086153685,0.11,0.0001872659176,0.9999999071,0.9999998141
2021,LC,1004,Amarela (Digital),499.977,108.09,0.025775,0.03043024811,0.09,0.001025,0.9999999122,0.9999998244
2021,LC,1005,Branca (Digital),499.977,108.09,0.02493133583,0.02919434214,0.09,-0.00088639201,0.9999999213,0.9999998426
2021,LC,1006,Rosa (Digital),499.977,108.09,0.0250375,0.02927669722,0.09,0.0009125,0.9999999165,0.999999833
2021,LC,1025,Azul (Segunda oportunidade),499.977,108.09,0.02535017222,0.02976370778,0.1,0.002319173364,0.9999999071,0.9999998141
2021,LC,1026,Amarela (Segunda oportunidade),499.977,108.09,0.02479532164,0.02921987628,0.11,0.0008187134503,0.9999999077,0.9999998154
2021,LC,1027,Rosa (Segunda oportunidade),499.977,108.09,0.02533776301,0.02960425578,0.09,0.001794019934,0.9999999036,0.9999998072
2021,LC,1028,Branca (Segunda oportunidade),499.977,108.09,0.02538140021,0.02962496335,0.11,0.001347962382,0.9999998996,0.9999997991
2021,MT,899,Azul,500.016,129.654,0.02547131148,0.0298562128,0.07,0.0007172131148,0.9999999565,0.9999999131
2021,MT,900,Amarela,500.016,129.654,0.02635782748,0.03126205838,0.24,0.002310969116,0.9999999567,0.9999999133
2021,MT,901,Rosa,500.016,129.654,0.02613076099,0.03223373906,0.27,0.001672025723,0.9999999562,0.9999999123
2021,MT,902,Cinza,500.016,129.654,0.02489795918,0.02935705596,0.06,0.0004897959184,0.999999959,0.999999918
2021,MT,906,Laranja - Adaptada Ledor,500.016,129.654,0.02742574257,0.03152347336,0.08,0.001155115512,0.9999999267,0.9999998534
2021,MT,907,Verde - Videoprova - Libras,500.016,129.654,0.0250375,0.02921258291,0.06,0.0018875,0.9999999195,0.9999998389
2021,MT,979,Azul (Reaplicao),500.016,129.654,0.02698598131,0.03803896183,0.48,-0.0001635514019,0.9999999596,0.9999999192
2021,MT,980,Amarela (Reaplicao),500.016,129.654,0.02791946309,0.04910838126,0.75,-0.001387024609,0.9999999286,0.9999998571
2021,MT,981,Rosa (Reaplicao),500.016,129.654,0.02930232558,0.07097657655,1.32,-0.001348837209,0.9999998479,0.9999996958
2021,MT,982,Cinza (Reaplicao),500.016,129.654,0.02779097387,0.04814862185,0.75,-0.002565320665,0.9999999286,0.9999998573
2021,MT,1007,Azul (Digital),500.016,129.654,0.026825,0.04888762625,1.07,-0.000775,0.9999998963,0.9999997925
2021,MT,1008,Amarela (Digital),500.016,129.654,0.02493167702,0.02930456899,0.07,0.001254658385,0.9999999678,0.9999999355
2021,MT,1009,Rosa (Digital),500.016,129.654,0.02640547264,0.04064315037,0.79,-0.00157960199,0.9999999317,0.9999998634
2021,MT,1010,Cinza (Digital),500.016,129.654,0.02877171216,0.08262519638,2.08,-0.001625310174,0.9999997282,0.9999994564
2021,MT,1035,Azul (Segunda oportunidade),500.016,129.654,0.02429951691,0.02862214271,0.06,0.002096618357,0.9999999586,0.9999999173
2021,MT,1036,Amarela (Segunda oportunidade),500.016,129.654,0.0252238806,0.02949491903,0.07,0.0007661691542,0.9999999626,0.9999999253
2021,MT,1037,Cinza (Segunda oportunidade),500.016,129.654,0.02567804878,0.02983532037,0.07,-0.002282926829,0.9999999544,0.9999999088
2021,MT,1038,Rosa (Segunda oportunidade),500.016,129.654,0.02447980416,0.02871375636,0.07,0.000146878825,0.9999999564,0.9999999128
2020,CN,597,Azul,501.142,113.11,0.02530516432,0.02973671637,0.07,0.0003286384977,0.9999999322,0.9999998643
2020,CN,598,Amarela,501.142,113.11,0.02477220957,0.02920550078,0.06,0.000125284738,0.9999999261,0.9999998522
2020,CN,599,Cinza,501.142,113.11,0.02588735388,0.02997696601,0.07,0.0004038257173,0.9999999255,0.9999998511
2020,CN,600,Rosa,501.142,113.11,0.02555435953,0.02974234531,0.1,-0.0008611410118,0.9999999304,0.9999998609
2020,CN,604,Laranja - Adaptada Ledor,501.142,113.11,0.02415954416,0.02862469597,0.06,0.00113960114,0.9999998932,0.9999997864
2020,CN,605,Verde - Videoprova - Libras,501.142,113.11,0.0263125,0.03064514643,0.07,0.0002375,0.999999869,0.999999738
2020,CN,677,Azul (Reaplicao),501.142,113.11,0.0250062422,0.02933937629,0.06,-0.0007615480649,0.9999999257,0.9999998514
2020,CN,678,Amarela (Reaplicao),501.142,113.11,0.02450686642,0.02896250105,0.06,-0.001610486891,0.999999926,0.999999852
2020,CN,679,Cinza (Reaplicao),501.142,113.11,0.02579275905,0.02996044,0.06,7.49E-05,0.9999999275,0.999999855
2020,CN,680,Rosa (Reaplicao),501.142,113.11,0.025075,0.0297195222,0.07,-0.00235,0.9999999272,0.9999998545
2020,CN,699,Azul (Digital),501.142,113.11,0.02514180025,0.0293895978,0.07,0.0002342786683,0.9999999306,0.9999998613
2020,CN,700,Amarela (Digital),501.142,113.11,0.02556803995,0.02982679923,0.07,0.0003495630462,0.9999999201,0.9999998403
2020,CN,701,Rosa (Digital),501.142,113.11,0.02439900867,0.02861313119,0.07,0.001449814126,0.999999927,0.999999854
2020,CN,702,Cinza (Digital),501.142,113.11,0.02605,0.03131293662,0.25,0.001275,0.999999911,0.999999822
2020,CH,567,Azul,501.487,112.315,0.02463636364,0.02904933108,0.07,0.001545454545,0.9999999436,0.9999998871
2020,CH,568,Amarela,501.487,112.315,0.02534537726,0.02982948352,0.08,0.0007545164718,0.9999999409,0.9999998819
2020,CH,569,Branca,501.487,112.315,0.02444835681,0.02891829189,0.07,0.002335680751,0.9999999525,0.999999905
2020,CH,570,Rosa,501.487,112.315,0.02541353383,0.02957631357,0.07,0.002491944146,0.9999999481,0.9999998962
2020,CH,574,Laranja - Adaptada Ledor,501.487,112.315,0.02593837535,0.03032041773,0.07,0.003305322129,0.9999999452,0.9999998903
2020,CH,575,Verde - Videoprova - Libras,501.487,112.315,0.02604244694,0.0311013004,0.08,0.005892634207,0.9999999224,0.9999998447
2020,CH,647,Azul (Reaplicao),501.487,112.315,0.02485037406,0.02931257295,0.06,0.002655860349,0.9999999417,0.9999998833
2020,CH,648,Amarela (Reaplicao),501.487,112.315,0.0252244389,0.02958356017,0.06,0.000536159601,0.9999999449,0.9999998899
2020,CH,649,Branca (Reaplicao),501.487,112.315,0.0243875,0.02846269488,0.06,-0.0001875,0.9999999415,0.9999998829
2020,CH,650,Rosa (Reaplicao),501.487,112.315,0.02511221945,0.02931469974,0.06,0.000349127182,0.9999999448,0.9999998896
2020,CH,687,Azul (Digital),501.487,112.315,0.02491925466,0.02920903459,0.07,0.001440993789,0.9999999431,0.9999998861
2020,CH,688,Amarela (Digital),501.487,112.315,0.02513715711,0.02950548366,0.07,0.001596009975,0.9999999314,0.9999998628
2020,CH,689,Branca (Digital),501.487,112.315,0.02518656716,0.02948353111,0.07,-0.0003109452736,0.9999999298,0.9999998596
2020,CH,690,Rosa (Digital),501.487,112.315,0.02581280788,0.03067789114,0.23,-0.0002216748768,0.9999999317,0.9999998634
2020,LC,577,Azul,499.977,108.09,0.02592970522,0.03010375106,0.07,0.0008503401361,0.9999999029,0.9999998058
2020,LC,578,Amarela,499.977,108.09,0.02489844683,0.02918650119,0.08,0.002246117085,0.9999999115,0.9999998229
2020,LC,579,Rosa,499.977,108.09,0.02548347613,0.02949596989,0.1,0.0001713586291,0.9999998892,0.9999997785
2020,LC,580,Branca,499.977,108.09,0.02578384798,0.02991079374,0.09,0.0005344418052,0.9999998957,0.9999997914
2020,LC,584,Laranja - Adaptada Ledor,499.977,108.09,0.02532075472,0.02989920173,0.08,-0.001849056604,0.9999998932,0.9999997864
2020,LC,585,Verde - Videoprova - Libras,499.977,108.09,0.02724247227,0.03214221568,0.09,0.0006814580032,0.9999998878,0.9999997755
2020,LC,657,Azul (Reaplicao),499.977,108.09,0.02626716604,0.03065656893,0.11,0.001598002497,0.9999998949,0.9999997898
2020,LC,658,Amarela (Reaplicao),499.977,108.09,0.02639650873,0.03030394656,0.08,0.00108478803,0.9999998886,0.9999997772
2020,LC,659,Rosa (Reaplicao),499.977,108.09,0.02587281796,0.03079778792,0.13,0.001483790524,0.9999998964,0.9999997928
2020,LC,660,Branca (Reaplicao),499.977,108.09,0.02420724095,0.02851943727,0.09,0.0006367041198,0.999999902,0.9999998041
2020,MT,587,Azul,500.016,129.654,0.02544600939,0.02989417956,0.12,0.001384976526,0.9999999682,0.9999999364
2020,MT,588,Amarela,500.016,129.654,0.02476082005,0.0291449914,0.06,0.003439635535,0.999999966,0.9999999321
2020,MT,589,Rosa,500.016,129.654,0.03445640474,0.1919524632,5.52,-0.008514531755,0.9999987114,0.9999974228
2020,MT,590,Cinza,500.016,129.654,0.02570669501,0.03967321348,0.82,-0.0004569606801,0.9999999328,0.9999998656
2020,MT,594,Laranja - Adaptada Ledor,500.016,129.654,0.02262108262,0.02716416275,0.06,0.001823361823,0.9999999554,0.9999999108
2020,MT,595,Verde - Videoprova - Libras,500.016,129.654,0.0264625,0.03056754815,0.06,-0.0007375,0.9999999147,0.9999998293
2020,MT,667,Azul (Reaplicao),500.016,129.654,0.02466916355,0.029115123,0.06,0.0002247191011,0.9999999616,0.9999999233
2020,MT,668,Amarela (Reaplicao),500.016,129.654,0.02602996255,0.0384581099,0.7,0.0006117353308,0.9999999355,0.9999998709
2020,MT,669,Rosa (Reaplicao),500.016,129.654,0.0271625,0.06716118671,1.71,-0.0018125,0.9999997865,0.999999573
2020,MT,670,Cinza (Reaplicao),500.016,129.654,0.02524344569,0.02956192848,0.06,0.002421972534,0.9999999628,0.9999999256
2020,MT,695,Azul (Digital),500.016,129.654,0.02718865598,0.06236897487,1.37,-0.0009987669544,0.9999998519,0.9999997037
2020,MT,696,Amarela (Digital),500.016,129.654,0.03069912609,0.1237375702,3.19,-0.002833957553,0.9999994145,0.999998829
2020,MT,697,Rosa (Digital),500.016,129.654,0.02550185874,0.03810895487,0.7,-0.0006195786865,0.9999999397,0.9999998794
2020,MT,698,Cinza (Digital),500.016,129.654,0.0266625,0.05007868808,1.03,-0.0013875,0.9999999042,0.9999998084
2019,CN,503,Azul,501.142,113.11,0.02497093023,0.02945730059,0.08,-0.0002228682171,0.9999999235,0.999999847
2019,CN,504,Amarela,501.142,113.11,0.02548387097,0.02970020163,0.07,-0.0004266389178,0.9999999152,0.9999998304
2019,CN,505,Cinza,501.142,113.11,0.02453713123,0.02884694941,0.07,-0.0007121057986,0.9999999247,0.9999998493
2019,CN,506,Rosa,501.142,113.11,0.02516129032,0.0292860634,0.07,0.0002150537634,0.9999999199,0.9999998398
2019,CN,519,Laranja - Adaptada Ledor,501.142,113.11,0.02563492063,0.02966746922,0.06,0.0003968253968,0.9999998861,0.9999997722
2019,CN,523,Verde - Videoprova - Libras,501.142,113.11,0.0253375,0.02978884019,0.07,0.0009125,0.9999998221,0.9999996441
2019,CH,507,Azul,501.487,112.315,0.02548125633,0.02996620859,0.08,0.001874366768,0.9999999261,0.9999998522
2019,CH,508,Amarela,501.487,112.315,0.02481150794,0.02893444973,0.06,0.0005257936508,0.9999999304,0.9999998608
2019,CH,509,Branca,501.487,112.315,0.02584390244,0.03027838318,0.08,0.00196097561,0.9999999229,0.9999998458
2019,CH,510,Rosa,501.487,112.315,0.02601634321,0.03024077705,0.09,-0.00139938713,0.9999999227,0.9999998454
2019,CH,520,Laranja - Adaptada Ledor,501.487,112.315,0.02451485149,0.02896908561,0.08,-0.001940594059,0.9999999274,0.9999998547
2019,CH,524,Verde - Videoprova - Libras,501.487,112.315,0.0254125,0.02984334097,0.08,-0.0002625,0.9999998881,0.9999997763
2019,LC,511,Azul,499.977,108.09,0.02577087794,0.03024702013,0.07,-5.35E-05,0.999999853,0.999999706
2019,LC,512,Amarela,499.977,108.09,0.02473333333,0.02934090811,0.08,-0.001422222222,0.9999998673,0.9999997346
2019,LC,513,Rosa,499.977,108.09,0.02587188612,0.03044743443,0.07,0.001435349941,0.9999998421,0.9999996842
2019,LC,514,Branca,499.977,108.09,0.02532481363,0.02979518298,0.07,-0.001171458999,0.9999998638,0.9999997275
2019,LC,521,Laranja - Adaptada Ledor,499.977,108.09,0.02522346369,0.02963935931,0.06,-0.001480446927,0.9999998775,0.999999755
2019,LC,525,Verde - Videoprova - Libras,499.977,108.09,0.02615,0.031004032,0.08,0.000325,0.9999998453,0.9999996905
2018,CH,451,Azul,501.487,112.315,0.05547388781,0.08184998307,0.31,0.003965183752,0.9999993672,0.9999987344
2018,CH,452,Amarela,501.487,112.315,0.05426977688,0.08124849819,0.34,0.004330628803,0.9999994541,0.9999989082
2018,CH,453,Branca,501.487,112.315,0.05474257426,0.08113855647,0.37,-0.0003861386139,0.9999994191,0.9999988383
2018,CH,454,Rosa,501.487,112.315,0.05266045549,0.07813496313,0.33,-0.0005900621118,0.9999994553,0.9999989107
2018,CH,464,Laranja - Adaptada Ledor,501.487,112.315,0.03998144712,0.05754565825,0.24,0.006920222635,0.9999997073,0.9999994146
2018,CH,468,Verde - Videoprova - Libras,501.487,112.315,0.028575,0.03700337822,0.23,0.00085,0.999999847,0.9999996941
2018,CH,491,Azul (Reaplicao),501.487,112.315,0.02510714286,0.02927090218,0.06,0.00175,0.9999999451,0.9999998901
2018,CH,492,Amarelo (Reaplicao),501.487,112.315,0.02661016949,0.03075876615,0.08,0.002813559322,0.999999939,0.9999998779
2018,CH,493,Branco (Reaplicao),501.487,112.315,0.02511904762,0.02897042827,0.05,0.0005158730159,0.999999948,0.9999998961
2018,CH,494,Rosa (Reaplicao),501.487,112.315,0.02513986014,0.02887760523,0.06,0.001013986014,0.9999999431,0.9999998863
2018,LC,455,Azul,499.977,108.09,0.02535244922,0.02954857492,0.07,0.001123058542,0.9999999002,0.9999998003
2018,LC,456,Amarela,499.977,108.09,0.0248013245,0.02911687645,0.06,0.002350993377,0.999999909,0.999999818
2018,LC,457,Rosa,499.977,108.09,0.02497200448,0.02905761354,0.1,0.0003359462486,0.9999998986,0.9999997973
2018,LC,458,Branca,499.977,108.09,0.02553376906,0.02963099125,0.05,0.0006535947712,0.9999998983,0.9999997967
2018,LC,465,Laranja - Adaptada Ledor,499.977,108.09,0.02604534005,0.0299621928,0.08,0.00040302267,0.9999999075,0.999999815
2018,LC,469,Verde - Videoprova - Libras,499.977,108.09,0.025925,0.03032738037,0.09,0.001775,0.9999998415,0.999999683
2018,LC,495,Azul (Reaplicao),499.977,108.09,0.0254887218,0.02954542826,0.05,0.003834586466,0.9999999039,0.9999998078
2018,LC,496,Amarelo (Reaplicao),499.977,108.09,0.02506944444,0.02977928064,0.08,-0.002569444444,0.9999999067,0.9999998134
2018,LC,497,Branca (Reaplicao),499.977,108.09,0.02364341085,0.02878684023,0.05,-0.0005426356589,0.9999999091,0.9999998182
2018,LC,498,Rosa (Reaplicao),499.977,108.09,0.02506578947,0.02925612846,0.06,0.0003289473684,0.9999999246,0.9999998492
2018,MT,459,Azul,500.016,129.654,0.02524439919,0.02945706946,0.06,0.002026476578,0.9999999552,0.9999999105
2018,MT,460,Amarela,500.016,129.654,0.02521685254,0.02946655004,0.06,8.67E-05,0.9999999577,0.9999999154
2018,MT,461,Rosa,500.016,129.654,0.02555321391,0.02960398971,0.06,0.001401475237,0.9999999558,0.9999999116
2018,MT,462,Cinza,500.016,129.654,0.02515904573,0.02937554196,0.09,0.000407554672,0.9999999575,0.9999999151
2018,MT,466,Laranja - Adaptada Ledor,500.016,129.654,0.02571428571,0.02987916295,0.05,0.00159554731,0.9999999176,0.9999998351
2018,MT,470,Verde - Videoprova - Libras,500.016,129.654,0.02545,0.05713361532,1.41,-0.003275,0.9999997226,0.9999994453
2017,CN,411,Verde - Videoprova - Libras,501.142,113.11,0.026825,0.03182766093,0.08,0.00635,0.9999998774,0.9999997547
2017,CH,435,Azul (Reaplicao),501.487,112.315,0.02527675277,0.02947886853,0.06,0.002693726937,0.9999999414,0.9999998827
2017,CH,436,Amarelo (Reaplicao),501.487,112.315,0.0252016129,0.02960083913,0.08,0.001491935484,0.9999999413,0.9999998826
2017,CH,437,Branco (Reaplicao),501.487,112.315,0.02416666667,0.02860652606,0.06,0.002416666667,0.9999999485,0.999999897
2017,CH,438,Rosa (Reaplicao),501.487,112.315,0.02441509434,0.02892410368,0.07,0.0009433962264,0.9999999405,0.999999881
2017,LC,399,Azul,499.977,108.09,0.02522699387,0.02948640115,0.07,0.0002208588957,0.9999998776,0.9999997552
2017,LC,400,Amarela,499.977,108.09,0.02459845985,0.02896072983,0.05,-0.0006600660066,0.9999998734,0.9999997468
2017,LC,401,Rosa,499.977,108.09,0.02449704142,0.02876964212,0.08,-0.0007337278107,0.9999998814,0.9999997627
2017,LC,402,Branca,499.977,108.09,0.02558504222,0.02952172025,0.05,-0.0001809408926,0.9999998764,0.9999997529
2017,LC,409,Laranja - Adaptada Ledor,499.977,108.09,0.02616707617,0.03043097478,0.1,-2.46E-05,0.999999874,0.9999997481
2017,LC,439,Azul (Reaplicao),499.977,108.09,0.02379888268,0.0281853403,0.06,0.001005586592,0.9999998789,0.9999997578
2017,LC,440,Amarelo (Reaplicao),499.977,108.09,0.02357954545,0.02805230504,0.05,0.003011363636,0.9999999036,0.9999998073
2017,LC,441,Branca (Reaplicao),499.977,108.09,0.02625,0.03030597929,0.06,0.001964285714,0.9999998985,0.9999997969
2017,LC,442,Rosa (Reaplicao),499.977,108.09,0.02677419355,0.03102201785,0.06,0.003655913978,0.999999875,0.9999997501
2017,MT,414,Verde - Videoprova - Libras,500.016,129.654,0.0249875,0.0293321496,0.07,0.0017875,0.9999999078,0.9999998156
2016,CN,291,Azul,501.142,113.11,0.02438388626,0.02879491135,0.06,0.001872037915,0.9999999376,0.9999998751
2016,CN,292,Amarela,501.142,113.11,0.02561598224,0.02974549836,0.06,0.0007769145394,0.9999999345,0.9999998689
2016,CN,293,Branca,501.142,113.11,0.02565352697,0.0298005124,0.06,0.00362033195,0.9999999313,0.9999998626
2016,CN,294,Rosa,501.142,113.11,0.02450719823,0.02896708332,0.06,0.003133997785,0.9999999398,0.9999998796
2016,CN,307,Branca - Adaptada,501.142,113.11,0.025225,0.02954657341,0.06,0.0002,0.9999998844,0.9999997687
2016,CH,295,Azul,501.487,112.315,0.02454976303,0.02897539404,0.08,8.08E-16,0.9999999217,0.9999998433
2016,CH,296,Amarela,501.487,112.315,0.0255826859,0.02984049346,0.06,0.002763596004,0.9999999175,0.999999835
2016,CH,297,Branca,501.487,112.315,0.02514522822,0.02945916366,0.08,0.00265560166,0.999999916,0.9999998319
2016,CH,298,Rosa,501.487,112.315,0.0250166113,0.02933557326,0.08,0.0009413067553,0.9999999195,0.999999839
2016,CH,308,Branca - Adaptada,501.487,112.315,0.0253625,0.02974264615,0.08,0.0012125,0.9999999218,0.9999998437
2016,CH,336,Azul (Reaplicao),501.487,112.315,0.0292,0.03255764119,0.06,0.00216,0.9999999061,0.9999998122
2016,CH,337,Amarela (Reaplicao),501.487,112.315,0.02724137931,0.03062565974,0.05,-0.004137931034,0.999999924,0.999999848
2016,CH,338,Branca (Reaplicao),501.487,112.315,0.02647619048,0.03020564438,0.05,-0.002857142857,0.9999999302,0.9999998603
2016,CH,356,Azul (Reaplicao),501.487,112.315,0.02541614907,0.02959351952,0.06,0.001639751553,0.9999999148,0.9999998296
2016,CH,357,Amarela (Reaplicao),501.487,112.315,0.02496268657,0.02924208444,0.06,0.002947761194,0.9999999234,0.9999998468
2016,CH,358,Branca (Reaplicao),501.487,112.315,0.0246,0.02890501687,0.05,0.000175,0.9999999163,0.9999998325
2016,CH,359,Rosa (Reaplicao),501.487,112.315,0.0246375,0.02875978094,0.06,0.0017875,0.9999999142,0.9999998284
2016,LC,299,Azul,499.977,108.09,0.02486194478,0.02928315217,0.06,0.0009723889556,0.9999998923,0.9999997845
2016,LC,300,Amarela,499.977,108.09,0.02445067265,0.02849553501,0.05,0.0009304932735,0.9999998904,0.9999997809
2016,LC,301,Rosa,499.977,108.09,0.02549618321,0.02961033743,0.05,-0.001155943293,0.9999998897,0.9999997795
2016,LC,302,Cinza,499.977,108.09,0.02483009709,0.02900451923,0.05,-0.001699029126,0.9999998931,0.9999997862
2016,LC,309,Cinza - Adaptada,499.977,108.09,0.02415441176,0.02838806709,0.07,0.001066176471,0.9999998909,0.9999997819
2016,LC,361,Azul (Reaplicao),499.977,108.09,0.02579275905,0.03002703734,0.11,0.001248439451,0.999999894,0.9999997879
2016,LC,362,Amarela (Reaplicao),499.977,108.09,0.0252244389,0.02985626415,0.11,0.0006109725686,0.9999998911,0.9999997822
2016,LC,363,Rosa (Reaplicao),499.977,108.09,0.02600249066,0.03034053304,0.09,-0.002092154421,0.9999998962,0.9999997924
2016,LC,364,Cinza (Reaplicao),499.977,108.09,0.0258,0.02996664813,0.09,0.0016,0.9999999017,0.9999998034
2016,MT,303,Azul,500.016,129.654,0.02492370295,0.0292218511,0.06,0.001892166836,0.9999999663,0.9999999325
2016,MT,304,Amarela,500.016,129.654,0.02868194842,0.09119235629,2.22,-0.00270296084,0.9999996966,0.9999993932
2016,MT,305,Rosa,500.016,129.654,0.03908139535,0.3068176869,8.3,-0.009430232558,0.9999967996,0.9999935993
2016,MT,306,Cinza,500.016,129.654,0.02687878788,0.07595918628,2.12,-0.0004141414141,0.9999997929,0.9999995859
2016,MT,310,Cinza - Adaptada,500.016,129.654,0.02636363636,0.03037754294,0.06,-0.001044776119,0.9999999163,0.9999998325
2016,MT,366,Azul (Reaplicao),500.016,129.654,0.05675810474,0.8959848091,25.36,-0.0312967581,0.9999735485,0.9999470976
2016,MT,367,Amarela (Reaplicao),500.016,129.654,0.02906947891,0.06291413661,1.06,-0.002965260546,0.9999998654,0.9999997307
2016,MT,368,Rosa (Reaplicao),500.016,129.654,0.02823163138,0.080271178,2.11,-0.001631382316,0.9999997687,0.9999995375
2016,MT,369,Cinza (Reaplicao),500.016,129.654,0.02525529265,0.02978963187,0.06,0.001320049813,0.9999999683,0.9999999365
2015,CN,235,AZUL,501.142,113.11,0.02615479115,0.03055787597,0.06,0.0005036855037,0.9999999132,0.9999998264
2015,CN,236,AMARELO,501.142,113.11,0.02448958333,0.02863382324,0.07,-0.001010416667,0.9999999319,0.9999998638
2015,CN,237,BRANCO,501.142,113.11,0.02498489426,0.02915907684,0.06,-0.0002114803625,0.9999999244,0.9999998488
2015,CN,238,ROSA,501.142,113.11,0.02423036649,0.02869226504,0.07,-0.0008167539267,0.9999999197,0.9999998394
2015,CN,275,AZUL (REAPLICAO),501.142,113.11,0.024625,0.02898275349,0.06,-0.0021,0.9999999077,0.9999998154
2015,CN,276,AMARELO (REAPLICAO),501.142,113.11,0.024775,0.02871410803,0.06,0.000275,0.9999999218,0.9999998436
2015,CN,277,BRANCO (REAPLICAO),501.142,113.11,0.357025,6.640615164,138.01,-0.331775,0.9950607306,0.9901458576
2015,CN,278,ROSA (REAPLICAO),501.142,113.11,0.02535,0.02981610303,0.06,-0.001,0.9999999026,0.9999998052
2015,CH,231,AZUL,501.487,112.315,0.02512285012,0.0295897419,0.06,0.002002457002,0.9999998985,0.9999997969
2015,CH,232,AMARELO,501.487,112.315,0.02565625,0.03005030505,0.06,0.00184375,0.9999998963,0.9999997926
2015,CH,233,BRANCO,501.487,112.315,0.02622356495,0.03754285903,0.72,0.001007049345,0.999999832,0.999999664
2015,CH,234,ROSA,501.487,112.315,0.0250052356,0.02928824077,0.06,0.002073298429,0.9999998981,0.9999997961
2015,CH,251,BRANCO - ADAPTADA (BRAILE E LEDOR),501.487,112.315,0.0249375,0.02927669722,0.06,0.0011625,0.9999999292,0.9999998584
2015,CH,271,AZUL (REAPLICAO),501.487,112.315,0.0259875,0.02991863967,0.06,-0.0009875,0.9999999043,0.9999998085
2015,CH,272,AMARELO (REAPLICAO),501.487,112.315,0.025875,0.02990819286,0.06,0.0013,0.9999999036,0.9999998073
2015,CH,273,BRANCO (REAPLICAO),501.487,112.315,0.217425,4.0374052,101.2,-0.19335,0.9978636242,0.9957318125
2015,CH,274,ROSA (REAPLICAO),501.487,112.315,0.0245,0.02880104165,0.05,0.00215,0.999999898,0.9999997959
2015,LC,239,AMARELO,499.977,108.09,0.02490153173,0.02906267279,0.08,-0.002100656455,0.9999998905,0.999999781
2015,LC,240,CINZA,499.977,108.09,0.02472385429,0.02881930415,0.05,0.0008695652174,0.9999998871,0.9999997743
2015,LC,241,AZUL,499.977,108.09,0.02482163406,0.02908065844,0.05,0.001461449942,0.9999998997,0.9999997995
2015,LC,242,ROSA,499.977,108.09,0.02592279855,0.03020437023,0.09,0.001749095296,0.9999998779,0.9999997557
2015,LC,253,CINZA - ADAPTADA (BRAILE E LEDOR),499.977,108.09,0.0258625,0.03040353598,0.09,0.0026375,0.9999999068,0.9999998136
2015,LC,279,AMARELO (REAPLICAO),499.977,108.09,0.02557603687,0.02998463508,0.05,0.0001843317972,0.9999998814,0.9999997628
2015,LC,280,CINZA (REAPLICAO),499.977,108.09,0.0243872549,0.02861594921,0.05,-0.003259803922,0.999999898,0.999999796
2015,LC,281,AZUL (REAPLICAO),499.977,108.09,0.02403341289,0.0280937741,0.07,-0.001312649165,0.9999999084,0.9999998168
2015,LC,282,ROSA (REAPLICAO),499.977,108.09,0.02579075426,0.02989844937,0.06,0.0003406326034,0.9999998732,0.9999997463
2015,MT,243,AMARELO,500.016,129.654,0.02656603774,0.05211742909,1.38,0.0005660377359,0.9999998914,0.9999997828
2015,MT,244,CINZA,500.016,129.654,0.02576730191,0.03441297369,0.53,0.001013039117,0.9999999513,0.9999999026
2015,MT,245,AZUL,500.016,129.654,0.02504032258,0.02968245925,0.07,0.0007661290323,0.9999999672,0.9999999344
2015,MT,246,ROSA,500.016,129.654,0.03495780591,0.1865385335,4.43,-0.008227848101,0.999998764,0.9999975279
2015,MT,254,CINZA - ADAPTADA (BRAILE E LEDOR),500.016,129.654,0.024625,0.02938111638,0.07,0.000975,0.9999999483,0.9999998966
2015,MT,283,AMARELO (REAPLICAO),500.016,129.654,0.0246125,0.0292040237,0.08,0.0002875,0.9999999659,0.9999999318
2015,MT,284,CINZA (REAPLICAO),500.016,129.654,0.0265875,0.03431289845,0.42,-0.0021375,0.9999999539,0.9999999078
2015,MT,285,AZUL (REAPLICAO),500.016,129.654,0.0248375,0.02963739192,0.08,-8.75E-05,0.9999999653,0.9999999306
2015,MT,286,ROSA (REAPLICAO),500.016,129.654,0.107,2.326938547,65.81,-0.082975,0.9997822901,0.9995646277
2014,CN,199,AZUL,501.142,113.11,0.02548267327,0.0300226812,0.09,0.002363861386,0.999999927,0.999999854
2014,CN,200,AMARELO,501.142,113.11,0.02467078189,0.02889244992,0.07,0.002363861386,0.9999999273,0.9999998546
2014,CN,201,BRANCO,501.142,113.11,0.02487179487,0.02910905835,0.06,0.003195266272,0.9999999284,0.9999998567
2014,CN,202,ROSA,501.142,113.11,0.02518716578,0.02924906873,0.07,0.001037433155,0.9999999252,0.9999998505
2014,CN,216,BRANCO - ADAPTADA (BRAILE E LEDOR),501.142,113.11,0.0256125,0.03546653352,0.57,0.0008375,0.9999998565,0.9999997131
2014,CH,195,AZUL,501.487,112.315,0.02455445545,0.02866674342,0.05,0.001608910891,0.999999906,0.999999812
2014,CH,196,AMARELO,501.487,112.315,0.02472222222,0.02902212864,0.06,0.00371399177,0.9999999013,0.9999998026
2014,CH,197,BRANCO,501.487,112.315,0.02514792899,0.02914630171,0.06,0.00191321499,0.9999999077,0.9999998154
2014,CH,198,ROSA,501.487,112.315,0.026,0.03024498898,0.06,0.001550802139,0.9999999058,0.9999998116
2014,CH,215,BRANCO - ADAPTADA (BRAILE E LEDOR),501.487,112.315,0.0248625,0.0290064648,0.07,0.0018125,0.9999999287,0.9999998574
2014,LC,203,AMARELO,499.977,108.09,0.0252398524,0.02953514387,0.06,0.00110701107,0.9999998847,0.9999997693
2014,LC,204,CINZA,499.977,108.09,0.02524937656,0.02946107792,0.07,-0.00210723192,0.9999998859,0.9999997717
2014,LC,205,AZUL,499.977,108.09,0.02474025974,0.02906180904,0.07,-0.0008008658009,0.9999998823,0.9999997646
2014,LC,206,ROSA,499.977,108.09,0.02533714286,0.02941913857,0.08,0.001474285714,0.9999998945,0.999999789
2014,LC,217,CINZA - ADAPTADA (BRAILE E LEDOR),499.977,108.09,0.02582687339,0.03007956718,0.07,-0.001124031008,0.9999998843,0.9999997686
2014,MT,207,AMARELO,500.016,129.654,0.02594134342,0.03047402231,0.1,0.000454115421,0.9999999625,0.9999999249
2014,MT,208,CINZA,500.016,129.654,0.02689310689,0.03623929791,0.53,-2.00E-05,0.9999999456,0.9999998911
2014,MT,209,AZUL,500.016,129.654,0.02615763547,0.03859222209,0.78,0.0007389162562,0.999999946,0.999999892
2014,MT,210,ROSA,500.016,129.654,0.03214670982,0.1988049518,5.98,-0.005674217907,0.9999984987,0.9999969974
2014,MT,214,CINZA(REAPLICAO),500.016,129.654,0.0256,0.02987055406,0.06,-0.0004,0.9999999292,0.9999998584
2014,MT,218,CINZA - ADAPTADA (BRAILE E LEDOR),500.016,129.654,0.02405,0.02844731973,0.06,-0.000825,0.9999999398,0.9999998797
2013,CN,171,AZUL,501.142,113.11,0.02592168099,0.0305411242,0.07,0.001088825215,0.9999998901,0.9999997803
2013,CN,172,AMARELO,501.142,113.11,0.02525835866,0.02986121223,0.08,-0.00201621074,0.9999998943,0.9999997887
2013,CN,173,BRANCO,501.142,113.11,0.02516601562,0.02974336848,0.08,9.77E-06,0.9999998942,0.9999997884
2013,CN,174,ROSA,501.142,113.11,0.02481953291,0.02987589333,0.07,-0.002590233546,0.9999998849,0.9999997699
2013,CH,167,AZUL,501.487,112.315,0.02612225406,0.03045186597,0.1,-0.001862464183,0.9999999263,0.9999998526
2013,CH,168,AMARELO,501.487,112.315,0.02515704154,0.0296466868,0.12,1.01E-05,0.9999999303,0.9999998605
2013,CH,169,BRANCO,501.487,112.315,0.02543945313,0.02992340482,0.1,-0.000615234375,0.9999999289,0.9999998578
2013,CH,170,ROSA,501.487,112.315,0.02566878981,0.02989010303,0.07,-0.001804670913,0.9999999257,0.9999998514
2013,LC,175,AMARELO,499.977,108.09,0.02590860786,0.03042036345,0.11,0.001572794899,0.9999998986,0.9999997971
2013,LC,176,CINZA,499.977,108.09,0.02580712788,0.03024012911,0.09,0.0005870020964,0.9999999012,0.9999998025
2013,LC,177,AZUL,499.977,108.09,0.02529841657,0.02969803366,0.08,0.0012545676,0.9999999151,0.9999998303
2013,LC,178,ROSA,499.977,108.09,0.02562571757,0.0304161719,0.13,0.001331802526,0.9999999108,0.9999998216
2012,CH,137,AZUL,501.487,112.315,0.02552583026,0.02951170885,0.06,0.001669741697,0.9999999311,0.9999998623
2012,CH,138,AMARELO,501.487,112.315,0.02547770701,0.02950403909,0.06,0.0006157112527,0.999999924,0.999999848
2012,CH,139,BRANCO,501.487,112.315,0.02574898785,0.03102173719,0.28,0.001437246964,0.9999999228,0.9999998456
2012,CH,140,ROSA,501.487,112.315,0.02511156187,0.02922251487,0.06,-7.49E-16,0.9999999319,0.9999998637
2012,CH,154,BRANCA (LEDOR),501.487,112.315,0.2372173913,1.341390259,13.08,-0.2026956522,0.9998427042,0.9996854331
2012,LC,145,AMARELO,499.977,108.09,0.02580128205,0.03006581101,0.09,0.001912393162,0.9999998922,0.9999997845
2012,LC,146,CINZA,499.977,108.09,0.02486218302,0.02920293592,0.05,0.0006725468578,0.9999998939,0.9999997878
2012,LC,147,AZUL,499.977,108.09,0.02435760171,0.02853113555,0.07,-0.000374732334,0.9999998975,0.9999997949
2012,LC,148,ROSA,499.977,108.09,0.02500607533,0.02953672262,0.09,0.001069258809,0.9999998938,0.9999997875
2012,LC,155,CINZA (LEDOR),499.977,108.09,0.02509202454,0.0294009724,0.1,0.003312883436,0.9999999174,0.9999998348
2012,MT,149,AMARELO,500.016,129.654,0.02466475096,0.02919251728,0.07,0.001829501916,0.9999999683,0.9999999367
2012,MT,150,CINZA,500.016,129.654,0.02995024876,0.08406938617,1.86,-0.001830845771,0.9999997481,0.9999994961
2012,MT,151,AZUL,500.016,129.654,0.03308438409,0.1603436537,4.47,-0.007284190107,0.9999991767,0.9999983533
2012,MT,152,ROSA,500.016,129.654,0.0275,0.04647580015,0.86,-0.00102173913,0.9999999223,0.9999998446
2012,MT,156,CINZA (LEDOR),500.016,129.654,0.02695961995,0.03111162952,0.07,0.001686460808,0.999999945,0.9999998901
2011,CH,117,Azul,501.487,112.315,0.02976,0.1582175717,4.91,0.00352,0.999998218,0.999996436
2011,CH,118,Amarela,501.487,112.315,0.03121019108,0.1828350689,6.38,0.005095541401,0.9999971948,0.9999943896
2011,CH,119,Branca,501.487,112.315,0.02708901884,0.04070767753,0.9,0.001552956465,0.9999998834,0.9999997668
2011,CH,120,Rosa,501.487,112.315,0.03149480969,0.2189488888,8.23,0.004256055363,0.9999961583,0.9999923166
2011,LC,125,Amarela,499.977,108.09,0.02467455621,0.02912599305,0.08,0.001755424063,0.9999999155,0.9999998311
2011,LC,126,Cinza,499.977,108.09,0.02488320356,0.02928704171,0.11,-0.001190211346,0.9999999127,0.9999998255
2011,LC,127,Azul,499.977,108.09,0.02455334988,0.02906952392,0.08,0.00135235732,0.9999999105,0.9999998209
2011,LC,128,Rosa,499.977,108.09,0.02490990991,0.02916248361,0.06,0.0002702702703,0.9999999018,0.9999998036
2011,MT,129,Amarela,500.016,129.654,0.03929479769,0.3653641781,10.6,0.01122543353,0.9999959135,0.9999918271
2011,MT,130,Cinza,500.016,129.654,0.02657320872,0.06115961447,1.67,0.001879543094,0.9999998722,0.9999997444
2011,MT,131,Azul,500.016,129.654,0.0258302583,0.03132969543,0.28,0.002263222632,0.9999999683,0.9999999366
2011,MT,132,Rosa,500.016,129.654,0.0262901308,0.04174693022,0.8,0.001082045184,0.9999999456,0.9999998912
2010,CN,89,AZUL,501.142,113.11,0.02637330754,0.03089728413,0.1,0.001228239845,0.9999999245,0.9999998491
2010,CN,90,AMARELO,501.142,113.11,0.02553814002,0.03042712314,0.09,0.0005851619645,0.9999999296,0.9999998591
2010,CN,91,BRANCA,501.142,113.11,0.02605825243,0.03168412055,0.31,-0.0007184466019,0.9999999207,0.9999998415
2010,CN,92,ROSA,501.142,113.11,0.02535603715,0.02976516273,0.09,0.0009803921569,0.9999999274,0.9999998548
2010,CN,105,AZUL  - REAPLICAO,501.142,113.11,0.2554423592,6.267785632,171.19,-0.2272922252,0.9970910231,0.9941905084
2010,CN,106,AMARELO  - REAPLICAO,501.142,113.11,0.02520798669,0.02967096319,0.08,0.002512479201,0.9999999385,0.9999998771
2010,CN,107,BRANCA - REAPLICAO,501.142,113.11,0.02515974441,0.02973525355,0.07,0.001134185304,0.9999999318,0.9999998636
2010,CN,108,ROSA - REAPLICAO,501.142,113.11,0.02530434783,0.02990128687,0.08,0.002173913043,0.9999999414,0.9999998829
2010,CH,85,AZUL,501.487,112.315,0.02576402321,0.03108607878,0.27,0.001199226306,0.9999999392,0.9999998785
2010,CH,86,AMARELO,501.487,112.315,0.02553814002,0.03355308961,0.5,0.0009822361547,0.9999999343,0.9999998687
2010,CH,87,BRANCA,501.487,112.315,0.02572815534,0.03034430258,0.12,0.002485436893,0.9999999427,0.9999998854
2010,CH,88,ROSA,501.487,112.315,0.02551083591,0.02981193201,0.14,0.003013415893,0.9999999412,0.9999998824
2010,CH,101,AZUL - REAPLICAO,501.487,112.315,0.4013806971,10.22674092,279.32,-0.3739812332,0.9941588015,0.9883517227
2010,CH,102,AMARELO - REAPLICAO,501.487,112.315,0.02574043261,0.03050599352,0.15,0.0009484193012,0.9999999458,0.9999998916
2010,CH,103,BRANCA - REAPLICAO,501.487,112.315,0.02488817891,0.0292504881,0.07,0.0003833865815,0.9999999473,0.9999998946
2010,CH,104,ROSA - REAPLICAO,501.487,112.315,0.02513043478,0.02963840047,0.1,-0.0005391304348,0.9999999502,0.9999999004
2010,LC,93,AMARELO,499.977,108.09,0.02528409091,0.0293973561,0.05,-0.001102272727,0.9999999047,0.9999998093
2010,LC,94,CINZA,499.977,108.09,0.02524644031,0.02943610229,0.07,0.001062431544,0.9999999074,0.9999998147
2010,LC,95,AZUL,499.977,108.09,0.02481028152,0.02895782608,0.06,-0.0003794369645,0.9999999063,0.9999998125
2010,LC,96,ROSA,499.977,108.09,0.02494396015,0.02920916965,0.05,0.0007098381071,0.9999998961,0.9999997922
2010,MT,97,AMARELO,500.016,129.654,0.03681117534,0.3652941117,11.73,-0.01029865125,0.9999944257,0.9999888515
2010,MT,98,CINZA,500.016,129.654,0.03128693994,0.1346173477,3.71,-0.005872259295,0.9999993079,0.9999986158
2010,MT,99,AZUL,500.016,129.654,0.02516923077,0.03115552385,0.34,0.0004717948718,0.9999999619,0.9999999238
2010,MT,100,ROSA,500.016,129.654,0.0302771855,0.1029480172,2.63,-0.003347547974,0.9999995814,0.9999991627
2009,CN,49,AZUL,501.142,113.11,0.02665418227,0.03131531875,0.14,0.001410736579,0.9999999498,0.9999998997
2009,CN,50,AMARELO,501.142,113.11,0.02537549407,0.03045764246,0.18,0.001976284585,0.999999951,0.999999902
2009,CN,51,BRANCA,501.142,113.11,0.02547452547,0.03145172156,0.24,0.0002797202797,0.9999999495,0.9999998989
2009,CN,52,ROSA,501.142,113.11,0.02547798067,0.03143882266,0.22,0.002083780881,0.9999999464,0.9999998928
2009,CN,65,AZUL (REAPLICACAO / PPL),501.142,113.11,0.02556571429,0.02957025533,0.07,-0.002365714286,0.9999998888,0.9999997776
2009,CN,66,AMARELO (REAPLICACAO / PPL),501.142,113.11,0.02454436451,0.02886128239,0.06,0.001043165468,0.9999998937,0.9999997874
2009,CN,67,BRANCA (REAPLICACAO / PPL),501.142,113.11,0.02494613124,0.02925955313,0.07,0.0001860920666,0.9999998888,0.9999997775
2009,CN,68,ROSA (REAPLICACAO / PPL),501.142,113.11,0.02488023952,0.029082785,0.07,-0.0008283433134,0.9999998806,0.9999997612
2009,CH,53,AZUL,501.487,112.315,0.02609238452,0.03074602986,0.12,0.001448189763,0.9999999588,0.9999999177
2009,CH,54,AMARELO,501.487,112.315,0.02540513834,0.03010357614,0.14,0.0004644268775,0.9999999574,0.9999999148
2009,CH,55,BRANCA,501.487,112.315,0.025004995,0.02956055097,0.11,0.001108891109,0.9999999603,0.9999999206
2009,CH,56,ROSA,501.487,112.315,0.02559613319,0.02992471757,0.11,0.002073039742,0.9999999571,0.9999999143
2009,CH,69,AZUL (REAPLICACAO / PPL),501.487,112.315,0.02596571429,0.03056421811,0.08,0.00336,0.9999999162,0.9999998324
2009,CH,70,AMARELO (REAPLICACAO / PPL),501.487,112.315,0.0259352518,0.03078314341,0.1,0.003872901679,0.999999913,0.9999998261
2009,CH,71,BRANCA (REAPLICACAO / PPL),501.487,112.315,0.02655239961,0.03132872063,0.09,0.001518119491,0.9999999123,0.9999998246
2009,CH,72,ROSA (REAPLICACAO / PPL),501.487,112.315,2.807744511,3.834340343,10.04,0.5972055888,0.9986398816,0.9972816131
2009,LC,57,AMARELO,499.977,108.09,0.02659961686,0.04370420427,0.87,-0.002097701149,0.999999903,0.9999998059
2009,LC,58,CINZA,499.977,108.09,0.02672888016,0.03556310974,0.47,0.003722986248,0.9999999356,0.9999998712
2009,LC,59,AZUL,499.977,108.09,0.02668346774,0.04290015603,0.76,0.003034274194,0.9999999109,0.9999998219
2009,LC,60,ROSA,499.977,108.09,0.02736786469,0.04151084323,0.7,-0.0004968287526,0.9999999129,0.9999998258
2009,LC,73,AMARELO (REAPLICACAO / PPL),499.977,108.09,0.02590497738,0.03045655611,0.1,0.001696832579,0.9999998942,0.9999997885
2009,LC,74,CINZA (REAPLICACAO / PPL),499.977,108.09,0.02547794118,0.03036340354,0.1,0.001924019608,0.9999999021,0.9999998042
2009,LC,75,AZUL (REAPLICACAO / PPL),499.977,108.09,0.02602119461,0.03063081174,0.09,0.003111753372,0.9999999029,0.9999998058
2009,LC,76,ROSA (REAPLICACAO / PPL),499.977,108.09,0.02626341463,0.03127221162,0.09,0.002692682927,0.9999998898,0.9999997795
2009,MT,61,AMARELO,500.016,129.654,0.02606321839,0.03060845299,0.07,0.004090038314,0.9999999644,0.9999999287
2009,MT,62,CINZA,500.016,129.654,0.02629666012,0.0304307646,0.07,0.001463654224,0.9999999627,0.9999999254
2009,MT,63,AZUL,500.016,129.654,0.02501008065,0.02946259247,0.06,0.00216733871,0.9999999658,0.9999999317
2009,MT,64,ROSA,500.016,129.654,0.02496828753,0.02923984076,0.07,0.001035940803,0.9999999651,0.9999999301
2009,MT,77,AMARELO (REAPLICACAO / PPL),500.016,129.654,0.02510180995,0.0294154975,0.06,0.001527149321,0.9999999396,0.9999998793
2009,MT,78,CINZA (REAPLICACAO / PPL),500.016,129.654,0.02585784314,0.03149073938,0.32,0.0007598039216,0.9999999309,0.9999998617
2009,MT,79,AZUL (REAPLICACAO / PPL),500.016,129.654,0.0249132948,0.0291663226,0.06,-0.0003468208092,0.9999999358,0.9999998716
2009,MT,80,ROSA (REAPLICACAO / PPL),500.016,129.654,0.02496585366,0.02899453271,0.06,0.0009073170732,0.9999999273,0.9999998547